"standard_region_code","municipality_name","municipality_romaji","prefecture_code","prefecture_name"
"01101","札幌市中央区","SAPPORO SHI CHUO KU","01","北海道"
"01102","札幌市北区","SAPPORO SHI KITA KU","01","北海道"
"01103","札幌市東区","SAPPORO SHI HIGASHI KU","01","北海道"
"01104","札幌市白石区","SAPPORO SHI SHIROISHI KU","01","北海道"
"01105","札幌市豊平区","SAPPORO SHI TOYOHIRA KU","01","北海道"
"01106","札幌市南区","SAPPORO SHI MINAMI KU","01","北海道"
"01107","札幌市西区","SAPPORO SHI NISHI KU","01","北海道"
"01108","札幌市厚別区","SAPPORO SHI ATSUBETSU KU","01","北海道"
"01109","札幌市手稲区","SAPPORO SHI TEINE KU","01","北海道"
"01110","札幌市清田区","SAPPORO SHI KIYOTA KU","01","北海道"
"01202","函館市","HAKODATE SHI","01","北海道"
"01203","小樽市","OTARU SHI","01","北海道"
"01204","旭川市","ASAHIKAWA SHI","01","北海道"
"01205","室蘭市","MURORAN SHI","01","北海道"
"01206","釧路市","KUSHIRO SHI","01","北海道"
"01207","帯広市","OBIHIRO SHI","01","北海道"
"01208","北見市","KITAMI SHI","01","北海道"
"01209","夕張市","YUBARI SHI","01","北海道"
"01210","岩見沢市","IWAMIZAWA SHI","01","北海道"
"01211","網走市","ABASHIRI SHI","01","北海道"
"01212","留萌市","RUMOI SHI","01","北海道"
"01213","苫小牧市","TOMAKOMAI SHI","01","北海道"
"01214","稚内市","WAKKANAI SHI","01","北海道"
"01215","美唄市","BIBAI SHI","01","北海道"
"01216","芦別市","ASHIBETSU SHI","01","北海道"
"01217","江別市","EBETSU SHI","01","北海道"
"01218","赤平市","AKABIRA SHI","01","北海道"
"01219","紋別市","MOMBETSU SHI","01","北海道"
"01220","士別市","SHIBETSU SHI","01","北海道"
"01221","名寄市","NAYORO SHI","01","北海道"
"01222","三笠市","MIKASA SHI","01","北海道"
"01223","根室市","NEMURO SHI","01","北海道"
"01224","千歳市","CHITOSE SHI","01","北海道"
"01225","滝川市","TAKIKAWA SHI","01","北海道"
"01226","砂川市","SUNAGAWA SHI","01","北海道"
"01227","歌志内市","UTASHINAI SHI","01","北海道"
"01228","深川市","FUKAGAWA SHI","01","北海道"
"01229","富良野市","FURANO SHI","01","北海道"
"01230","登別市","NOBORIBETSU SHI","01","北海道"
"01231","恵庭市","ENIWA SHI","01","北海道"
"01233","伊達市","DATE SHI","01","北海道"
"01234","北広島市","KITAHIROSHIMA SHI","01","北海道"
"01235","石狩市","ISHIKARI SHI","01","北海道"
"01236","北斗市","HOKUTO SHI","01","北海道"
"01303","石狩郡当別町","ISHIKARI GUN TOBETSU CHO","01","北海道"
"01304","石狩郡新篠津村","ISHIKARI GUN SHINSHINOTSU MURA","01","北海道"
"01331","松前郡松前町","MATSUMAE GUN MATSUMAE CHO","01","北海道"
"01332","松前郡福島町","MATSUMAE GUN FUKUSHIMA CHO","01","北海道"
"01333","上磯郡知内町","KAMIISO GUN SHIRIUCHI CHO","01","北海道"
"01334","上磯郡木古内町","KAMIISO GUN KIKONAI CHO","01","北海道"
"01337","亀田郡七飯町","KAMEDA GUN NANAE CHO","01","北海道"
"01343","茅部郡鹿部町","KAYABE GUN SHIKABE CHO","01","北海道"
"01345","茅部郡森町","KAYABE GUN MORI MACHI","01","北海道"
"01346","二海郡八雲町","FUTAMI GUN YAKUMO CHO","01","北海道"
"01347","山越郡長万部町","YAMAKOSHI GUN OSHAMAMBE CHO","01","北海道"
"01361","檜山郡江差町","HIYAMA GUN ESASHI CHO","01","北海道"
"01362","檜山郡上ノ国町","HIYAMA GUN KAMINOKUNI CHO","01","北海道"
"01363","檜山郡厚沢部町","HIYAMA GUN ASSABU CHO","01","北海道"
"01364","爾志郡乙部町","NISHI GUN OTOBE CHO","01","北海道"
"01367","奥尻郡奥尻町","OKUSHIRI GUN OKUSHIRI CHO","01","北海道"
"01370","瀬棚郡今金町","SETANA GUN IMAKANE CHO","01","北海道"
"01371","久遠郡せたな町","KUDO GUN SETANA CHO","01","北海道"
"01391","島牧郡島牧村","SHIMAMAKI GUN SHIMAMAKI MURA","01","北海道"
"01392","寿都郡寿都町","SUTTSU GUN SUTTSU CHO","01","北海道"
"01393","寿都郡黒松内町","SUTTSU GUN KUROMATSUNAI CHO","01","北海道"
"01394","磯谷郡蘭越町","ISOYA GUN RANKOSHI CHO","01","北海道"
"01395","虻田郡ニセコ町","ABUTA GUN NISEKO CHO","01","北海道"
"01396","虻田郡真狩村","ABUTA GUN MAKKARI MURA","01","北海道"
"01397","虻田郡留寿都村","ABUTA GUN RUSUTSU MURA","01","北海道"
"01398","虻田郡喜茂別町","ABUTA GUN KIMOBETSU CHO","01","北海道"
"01399","虻田郡京極町","ABUTA GUN KYOGOKU CHO","01","北海道"
"01400","虻田郡倶知安町","ABUTA GUN KUTCHAN CHO","01","北海道"
"01401","岩内郡共和町","IWANAI GUN KYOWA CHO","01","北海道"
"01402","岩内郡岩内町","IWANAI GUN IWANAI CHO","01","北海道"
"01403","古宇郡泊村","FURU GUN TOMARI MURA","01","北海道"
"01404","古宇郡神恵内村","FURU GUN KAMOENAI MURA","01","北海道"
"01405","積丹郡積丹町","SHAKOTAN GUN SHAKOTAN CHO","01","北海道"
"01406","古平郡古平町","FURUBIRA GUN FURUBIRA CHO","01","北海道"
"01407","余市郡仁木町","YOICHI GUN NIKI CHO","01","北海道"
"01408","余市郡余市町","YOICHI GUN YOICHI CHO","01","北海道"
"01409","余市郡赤井川村","YOICHI GUN AKAIGAWA MURA","01","北海道"
"01423","空知郡南幌町","SORACHI GUN NAMPORO CHO","01","北海道"
"01424","空知郡奈井江町","SORACHI GUN NAIE CHO","01","北海道"
"01425","空知郡上砂川町","SORACHI GUN KAMISUNAGAWA CHO","01","北海道"
"01427","夕張郡由仁町","YUBARI GUN YUNI CHO","01","北海道"
"01428","夕張郡長沼町","YUBARI GUN NAGANUMA CHO","01","北海道"
"01429","夕張郡栗山町","YUBARI GUN KURIYAMA CHO","01","北海道"
"01430","樺戸郡月形町","KABATO GUN TSUKIGATA CHO","01","北海道"
"01431","樺戸郡浦臼町","KABATO GUN URAUSU CHO","01","北海道"
"01432","樺戸郡新十津川町","KABATO GUN SHINTOTSUKAWA CHO","01","北海道"
"01433","雨竜郡妹背牛町","URYU GUN MOSEUSHI CHO","01","北海道"
"01434","雨竜郡秩父別町","URYU GUN CHIPPUBETSU CHO","01","北海道"
"01436","雨竜郡雨竜町","URYU GUN URYU CHO","01","北海道"
"01437","雨竜郡北竜町","URYU GUN HOKURYU CHO","01","北海道"
"01438","雨竜郡沼田町","URYU GUN NUMATA CHO","01","北海道"
"01452","上川郡鷹栖町","KAMIKAWA GUN TAKASU CHO","01","北海道"
"01453","上川郡東神楽町","KAMIKAWA GUN HIGASHIKAGURA CHO","01","北海道"
"01454","上川郡当麻町","KAMIKAWA GUN TOMA CHO","01","北海道"
"01455","上川郡比布町","KAMIKAWA GUN PIPPU CHO","01","北海道"
"01456","上川郡愛別町","KAMIKAWA GUN AIBETSU CHO","01","北海道"
"01457","上川郡上川町","KAMIKAWA GUN KAMIKAWA CHO","01","北海道"
"01458","上川郡東川町","KAMIKAWA GUN HIGASHIKAWA CHO","01","北海道"
"01459","上川郡美瑛町","KAMIKAWA GUN BIEI CHO","01","北海道"
"01460","空知郡上富良野町","SORACHI GUN KAMIFURANO CHO","01","北海道"
"01461","空知郡中富良野町","SORACHI GUN NAKAFURANO CHO","01","北海道"
"01462","空知郡南富良野町","SORACHI GUN MINAMIFURANO CHO","01","北海道"
"01463","勇払郡占冠村","YUFUTSU GUN SHIMUKAPPU MURA","01","北海道"
"01464","上川郡和寒町","KAMIKAWA GUN WASSAMU CHO","01","北海道"
"01465","上川郡剣淵町","KAMIKAWA GUN KEMBUCHI CHO","01","北海道"
"01468","上川郡下川町","KAMIKAWA GUN SHIMOKAWA CHO","01","北海道"
"01469","中川郡美深町","NAKAGAWA GUN BIFUKA CHO","01","北海道"
"01470","中川郡音威子府村","NAKAGAWA GUN OTOINEPPU MURA","01","北海道"
"01471","中川郡中川町","NAKAGAWA GUN NAKAGAWA CHO","01","北海道"
"01472","雨竜郡幌加内町","URYU GUN HOROKANAI CHO","01","北海道"
"01481","増毛郡増毛町","MASHIKE GUN MASHIKE CHO","01","北海道"
"01482","留萌郡小平町","RUMOI GUN OBIRA CHO","01","北海道"
"01483","苫前郡苫前町","TOMAMAE GUN TOMAMAE CHO","01","北海道"
"01484","苫前郡羽幌町","TOMAMAE GUN HABORO CHO","01","北海道"
"01485","苫前郡初山別村","TOMAMAE GUN SHOSAMBETSU MURA","01","北海道"
"01486","天塩郡遠別町","TESHIO GUN EMBETSU CHO","01","北海道"
"01487","天塩郡天塩町","TESHIO GUN TESHIO CHO","01","北海道"
"01511","宗谷郡猿払村","SOYA GUN SARUFUTSU MURA","01","北海道"
"01512","枝幸郡浜頓別町","ESASHI GUN HAMATOMBETSU CHO","01","北海道"
"01513","枝幸郡中頓別町","ESASHI GUN NAKATOMBETSU CHO","01","北海道"
"01514","枝幸郡枝幸町","ESASHI GUN ESASHI CHO","01","北海道"
"01516","天塩郡豊富町","TESHIO GUN TOYOTOMI CHO","01","北海道"
"01517","礼文郡礼文町","REBUN GUN REBUN CHO","01","北海道"
"01518","利尻郡利尻町","RISHIRI GUN RISHIRI CHO","01","北海道"
"01519","利尻郡利尻富士町","RISHIRI GUN RISHIRIFUJI CHO","01","北海道"
"01520","天塩郡幌延町","TESHIO GUN HORONOBE CHO","01","北海道"
"01543","網走郡美幌町","ABASHIRI GUN BIHORO CHO","01","北海道"
"01544","網走郡津別町","ABASHIRI GUN TSUBETSU CHO","01","北海道"
"01545","斜里郡斜里町","SHARI GUN SHARI CHO","01","北海道"
"01546","斜里郡清里町","SHARI GUN KIYOSATO CHO","01","北海道"
"01547","斜里郡小清水町","SHARI GUN KOSHIMIZU CHO","01","北海道"
"01549","常呂郡訓子府町","TOKORO GUN KUNNEPPU CHO","01","北海道"
"01550","常呂郡置戸町","TOKORO GUN OKETO CHO","01","北海道"
"01552","常呂郡佐呂間町","TOKORO GUN SAROMA CHO","01","北海道"
"01555","紋別郡遠軽町","MOMBETSU GUN ENGARU CHO","01","北海道"
"01559","紋別郡湧別町","MOMBETSU GUN YUBETSU CHO","01","北海道"
"01560","紋別郡滝上町","MOMBETSU GUN TAKINOE CHO","01","北海道"
"01561","紋別郡興部町","MOMBETSU GUN OKOPPE CHO","01","北海道"
"01562","紋別郡西興部村","MOMBETSU GUN NISHIOKOPPE MURA","01","北海道"
"01563","紋別郡雄武町","MOMBETSU GUN OMU CHO","01","北海道"
"01564","網走郡大空町","ABASHIRI GUN OZORA CHO","01","北海道"
"01571","虻田郡豊浦町","ABUTA GUN TOYORA CHO","01","北海道"
"01575","有珠郡壮瞥町","USU GUN SOBETSU CHO","01","北海道"
"01578","白老郡白老町","SHIRAOI GUN SHIRAOI CHO","01","北海道"
"01581","勇払郡厚真町","YUFUTSU GUN ATSUMA CHO","01","北海道"
"01584","虻田郡洞爺湖町","ABUTA GUN TOYAKO CHO","01","北海道"
"01585","勇払郡安平町","YUFUTSU GUN ABIRA CHO","01","北海道"
"01586","勇払郡むかわ町","YUFUTSU GUN MUKAWA CHO","01","北海道"
"01601","沙流郡日高町","SARU GUN HIDAKA CHO","01","北海道"
"01602","沙流郡平取町","SARU GUN BIRATORI CHO","01","北海道"
"01604","新冠郡新冠町","NIIKAPPU GUN NIIKAPPU CHO","01","北海道"
"01607","浦河郡浦河町","URAKAWA GUN URAKAWA CHO","01","北海道"
"01608","様似郡様似町","SAMANI GUN SAMANI CHO","01","北海道"
"01609","幌泉郡えりも町","HOROIZUMI GUN ERIMO CHO","01","北海道"
"01610","日高郡新ひだか町","HIDAKA GUN SHINHIDAKA CHO","01","北海道"
"01631","河東郡音更町","KATO GUN OTOFUKE CHO","01","北海道"
"01632","河東郡士幌町","KATO GUN SHIHORO CHO","01","北海道"
"01633","河東郡上士幌町","KATO GUN KAMISHIHORO CHO","01","北海道"
"01634","河東郡鹿追町","KATO GUN SHIKAOI CHO","01","北海道"
"01635","上川郡新得町","KAMIKAWA GUN SHINTOKU CHO","01","北海道"
"01636","上川郡清水町","KAMIKAWA GUN SHIMIZU CHO","01","北海道"
"01637","河西郡芽室町","KASAI GUN MEMURO CHO","01","北海道"
"01638","河西郡中札内村","KASAI GUN NAKASATSUNAI MURA","01","北海道"
"01639","河西郡更別村","KASAI GUN SARABETSU MURA","01","北海道"
"01641","広尾郡大樹町","HIRO GUN TAIKI CHO","01","北海道"
"01642","広尾郡広尾町","HIRO GUN HIRO CHO","01","北海道"
"01643","中川郡幕別町","NAKAGAWA GUN MAKUBETSU CHO","01","北海道"
"01644","中川郡池田町","NAKAGAWA GUN IKEDA CHO","01","北海道"
"01645","中川郡豊頃町","NAKAGAWA GUN TOYOKORO CHO","01","北海道"
"01646","中川郡本別町","NAKAGAWA GUN HOMBETSU CHO","01","北海道"
"01647","足寄郡足寄町","ASHORO GUN ASHORO CHO","01","北海道"
"01648","足寄郡陸別町","ASHORO GUN RIKUBETSU CHO","01","北海道"
"01649","十勝郡浦幌町","TOKACHI GUN URAHORO CHO","01","北海道"
"01661","釧路郡釧路町","KUSHIRO GUN KUSHIRO CHO","01","北海道"
"01662","厚岸郡厚岸町","AKKESHI GUN AKKESHI CHO","01","北海道"
"01663","厚岸郡浜中町","AKKESHI GUN HAMANAKA CHO","01","北海道"
"01664","川上郡標茶町","KAWAKAMI GUN SHIBECHA CHO","01","北海道"
"01665","川上郡弟子屈町","KAWAKAMI GUN TESHIKAGA CHO","01","北海道"
"01667","阿寒郡鶴居村","AKAN GUN TSURUI MURA","01","北海道"
"01668","白糠郡白糠町","SHIRANUKA GUN SHIRANUKA CHO","01","北海道"
"01691","野付郡別海町","NOTSUKE GUN BETSUKAI CHO","01","北海道"
"01692","標津郡中標津町","SHIBETSU GUN NAKASHIBETSU CHO","01","北海道"
"01693","標津郡標津町","SHIBETSU GUN SHIBETSU CHO","01","北海道"
"01694","目梨郡羅臼町","MENASHI GUN RAUSU CHO","01","北海道"
"02201","青森市","AOMORI SHI","02","青森県"
"02202","弘前市","HIROSAKI SHI","02","青森県"
"02203","八戸市","HACHINOHE SHI","02","青森県"
"02204","黒石市","KUROISHI SHI","02","青森県"
"02205","五所川原市","GOSHOGAWARA SHI","02","青森県"
"02206","十和田市","TOWADA SHI","02","青森県"
"02207","三沢市","MISAWA SHI","02","青森県"
"02208","むつ市","MUTSU SHI","02","青森県"
"02209","つがる市","TSUGARU SHI","02","青森県"
"02210","平川市","HIRAKAWA SHI","02","青森県"
"02301","東津軽郡平内町","HIGASHITSUGARU GUN HIRANAI MACHI","02","青森県"
"02303","東津軽郡今別町","HIGASHITSUGARU GUN IMABETSU MACHI","02","青森県"
"02304","東津軽郡蓬田村","HIGASHITSUGARU GUN YOMOGITA MURA","02","青森県"
"02307","東津軽郡外ヶ浜町","HIGASHITSUGARU GUN SOTOGAHAMA MACHI","02","青森県"
"02321","西津軽郡鰺ヶ沢町","NISHITSUGARU GUN AJIGASAWA MACHI","02","青森県"
"02323","西津軽郡深浦町","NISHITSUGARU GUN FUKAURA MACHI","02","青森県"
"02343","中津軽郡西目屋村","NAKATSUGARU GUN NISHIMEYA MURA","02","青森県"
"02361","南津軽郡藤崎町","MINAMITSUGARU GUN FUJISAKI MACHI","02","青森県"
"02362","南津軽郡大鰐町","MINAMITSUGARU GUN OWANI MACHI","02","青森県"
"02367","南津軽郡田舎館村","MINAMITSUGARU GUN INAKADATE MURA","02","青森県"
"02381","北津軽郡板柳町","KITATSUGARU GUN ITAYANAGI MACHI","02","青森県"
"02384","北津軽郡鶴田町","KITATSUGARU GUN TSURUTA MACHI","02","青森県"
"02387","北津軽郡中泊町","KITATSUGARU GUN NAKADOMARI MACHI","02","青森県"
"02401","上北郡野辺地町","KAMIKITA GUN NOHEJI MACHI","02","青森県"
"02402","上北郡七戸町","KAMIKITA GUN SHICHINOHE MACHI","02","青森県"
"02405","上北郡六戸町","KAMIKITA GUN ROKUNOHE MACHI","02","青森県"
"02406","上北郡横浜町","KAMIKITA GUN YOKOHAMA MACHI","02","青森県"
"02408","上北郡東北町","KAMIKITA GUN TOHOKU MACHI","02","青森県"
"02411","上北郡六ヶ所村","KAMIKITA GUN ROKKASHO MURA","02","青森県"
"02412","上北郡おいらせ町","KAMIKITA GUN OIRASE CHO","02","青森県"
"02423","下北郡大間町","SHIMOKITA GUN OMA MACHI","02","青森県"
"02424","下北郡東通村","SHIMOKITA GUN HIGASHIDORI MURA","02","青森県"
"02425","下北郡風間浦村","SHIMOKITA GUN KAZAMAURA MURA","02","青森県"
"02426","下北郡佐井村","SHIMOKITA GUN SAI MURA","02","青森県"
"02441","三戸郡三戸町","SANNOHE GUN SANNOHE MACHI","02","青森県"
"02442","三戸郡五戸町","SANNOHE GUN GONOHE MACHI","02","青森県"
"02443","三戸郡田子町","SANNOHE GUN TAKKO MACHI","02","青森県"
"02445","三戸郡南部町","SANNOHE GUN NAMBU CHO","02","青森県"
"02446","三戸郡階上町","SANNOHE GUN HASHIKAMI CHO","02","青森県"
"02450","三戸郡新郷村","SANNOHE GUN SHINGO MURA","02","青森県"
"03201","盛岡市","MORIOKA SHI","03","岩手県"
"03202","宮古市","MIYAKO SHI","03","岩手県"
"03203","大船渡市","OFUNATO SHI","03","岩手県"
"03205","花巻市","HANAMAKI SHI","03","岩手県"
"03206","北上市","KITAKAMI SHI","03","岩手県"
"03207","久慈市","KUJI SHI","03","岩手県"
"03208","遠野市","TONO SHI","03","岩手県"
"03209","一関市","ICHINOSEKI SHI","03","岩手県"
"03210","陸前高田市","RIKUZENTAKATA SHI","03","岩手県"
"03211","釜石市","KAMAISHI SHI","03","岩手県"
"03213","二戸市","NINOHE SHI","03","岩手県"
"03214","八幡平市","HACHIMANTAI SHI","03","岩手県"
"03215","奥州市","OSHU SHI","03","岩手県"
"03216","滝沢市","TAKIZAWA SHI","03","岩手県"
"03301","岩手郡雫石町","IWATE GUN SHIZUKUISHI CHO","03","岩手県"
"03302","岩手郡葛巻町","IWATE GUN KUZUMAKI MACHI","03","岩手県"
"03303","岩手郡岩手町","IWATE GUN IWATE MACHI","03","岩手県"
"03321","紫波郡紫波町","SHIWA GUN SHIWA CHO","03","岩手県"
"03322","紫波郡矢巾町","SHIWA GUN YAHABA CHO","03","岩手県"
"03366","和賀郡西和賀町","WAGA GUN NISHIWAGA MACHI","03","岩手県"
"03381","胆沢郡金ケ崎町","ISAWA GUN KANEGASAKI CHO","03","岩手県"
"03402","西磐井郡平泉町","NISHIIWAI GUN HIRAIZUMI CHO","03","岩手県"
"03441","気仙郡住田町","KESEN GUN SUMITA CHO","03","岩手県"
"03461","上閉伊郡大槌町","KAMIHEI GUN OTSUCHI CHO","03","岩手県"
"03482","下閉伊郡山田町","SHIMOHEI GUN YAMADA MACHI","03","岩手県"
"03483","下閉伊郡岩泉町","SHIMOHEI GUN IWAIZUMI CHO","03","岩手県"
"03484","下閉伊郡田野畑村","SHIMOHEI GUN TANOHATA MURA","03","岩手県"
"03485","下閉伊郡普代村","SHIMOHEI GUN FUDAI MURA","03","岩手県"
"03501","九戸郡軽米町","KUNOHE GUN KARUMAI MACHI","03","岩手県"
"03503","九戸郡野田村","KUNOHE GUN NODA MURA","03","岩手県"
"03506","九戸郡九戸村","KUNOHE GUN KUNOHE MURA","03","岩手県"
"03507","九戸郡洋野町","KUNOHE GUN HIRONO CHO","03","岩手県"
"03524","二戸郡一戸町","NINOHE GUN ICHINOHE MACHI","03","岩手県"
"04101","仙台市青葉区","SENDAI SHI AOBA KU","04","宮城県"
"04102","仙台市宮城野区","SENDAI SHI MIYAGINO KU","04","宮城県"
"04103","仙台市若林区","SENDAI SHI WAKABAYASHI KU","04","宮城県"
"04104","仙台市太白区","SENDAI SHI TAIHAKU KU","04","宮城県"
"04105","仙台市泉区","SENDAI SHI IZUMI KU","04","宮城県"
"04202","石巻市","ISHINOMAKI SHI","04","宮城県"
"04203","塩竈市","SHIOGAMA SHI","04","宮城県"
"04205","気仙沼市","KESENNUMA SHI","04","宮城県"
"04206","白石市","SHIROISHI SHI","04","宮城県"
"04207","名取市","NATORI SHI","04","宮城県"
"04208","角田市","KAKUDA SHI","04","宮城県"
"04209","多賀城市","TAGAJO SHI","04","宮城県"
"04211","岩沼市","IWANUMA SHI","04","宮城県"
"04212","登米市","TOME SHI","04","宮城県"
"04213","栗原市","KURIHARA SHI","04","宮城県"
"04214","東松島市","HIGASHIMATSUSHIMA SHI","04","宮城県"
"04215","大崎市","OSAKI SHI","04","宮城県"
"04216","富谷市","TOMIYA SHI","04","宮城県"
"04301","刈田郡蔵王町","KATTA GUN ZAO MACHI","04","宮城県"
"04302","刈田郡七ヶ宿町","KATTA GUN SHICHIKASHUKU MACHI","04","宮城県"
"04321","柴田郡大河原町","SHIBATA GUN OGAWARA MACHI","04","宮城県"
"04322","柴田郡村田町","SHIBATA GUN MURATA MACHI","04","宮城県"
"04323","柴田郡柴田町","SHIBATA GUN SHIBATA MACHI","04","宮城県"
"04324","柴田郡川崎町","SHIBATA GUN KAWASAKI MACHI","04","宮城県"
"04341","伊具郡丸森町","IGU GUN MARUMORI MACHI","04","宮城県"
"04361","亘理郡亘理町","WATARI GUN WATARI CHO","04","宮城県"
"04362","亘理郡山元町","WATARI GUN YAMAMOTO CHO","04","宮城県"
"04401","宮城郡松島町","MIYAGI GUN MATSUSHIMA MACHI","04","宮城県"
"04404","宮城郡七ヶ浜町","MIYAGI GUN SHICHIGAHAMA MACHI","04","宮城県"
"04406","宮城郡利府町","MIYAGI GUN RIFU CHO","04","宮城県"
"04421","黒川郡大和町","KUROKAWA GUN TAIWA CHO","04","宮城県"
"04422","黒川郡大郷町","KUROKAWA GUN OSATO CHO","04","宮城県"
"04424","黒川郡大衡村","KUROKAWA GUN OHIRA MURA","04","宮城県"
"04444","加美郡色麻町","KAMI GUN SHIKAMA CHO","04","宮城県"
"04445","加美郡加美町","KAMI GUN KAMI MACHI","04","宮城県"
"04501","遠田郡涌谷町","TODA GUN WAKUYA CHO","04","宮城県"
"04505","遠田郡美里町","TODA GUN MISATO MACHI","04","宮城県"
"04581","牡鹿郡女川町","OSHIKA GUN ONAGAWA CHO","04","宮城県"
"04606","本吉郡南三陸町","MOTOYOSHI GUN MINAMISANRIKU CHO","04","宮城県"
"05201","秋田市","AKITA SHI","05","秋田県"
"05202","能代市","NOSHIRO SHI","05","秋田県"
"05203","横手市","YOKOTE SHI","05","秋田県"
"05204","大館市","ODATE SHI","05","秋田県"
"05206","男鹿市","OGA SHI","05","秋田県"
"05207","湯沢市","YUZAWA SHI","05","秋田県"
"05209","鹿角市","KAZUNO SHI","05","秋田県"
"05210","由利本荘市","YURIHONJO SHI","05","秋田県"
"05211","潟上市","KATAGAMI SHI","05","秋田県"
"05212","大仙市","DAISEN SHI","05","秋田県"
"05213","北秋田市","KITAAKITA SHI","05","秋田県"
"05214","にかほ市","NIKAHO SHI","05","秋田県"
"05215","仙北市","SEMBOKU SHI","05","秋田県"
"05303","鹿角郡小坂町","KAZUNO GUN KOSAKA MACHI","05","秋田県"
"05327","北秋田郡上小阿仁村","KITAAKITA GUN KAMIKOANI MURA","05","秋田県"
"05346","山本郡藤里町","YAMAMOTO GUN FUJISATO MACHI","05","秋田県"
"05348","山本郡三種町","YAMAMOTO GUN MITANE CHO","05","秋田県"
"05349","山本郡八峰町","YAMAMOTO GUN HAPPO CHO","05","秋田県"
"05361","南秋田郡五城目町","MINAMIAKITA GUN GOJOME MACHI","05","秋田県"
"05363","南秋田郡八郎潟町","MINAMIAKITA GUN HACHIROGATA MACHI","05","秋田県"
"05366","南秋田郡井川町","MINAMIAKITA GUN IKAWA MACHI","05","秋田県"
"05368","南秋田郡大潟村","MINAMIAKITA GUN OGATA MURA","05","秋田県"
"05434","仙北郡美郷町","SEMBOKU GUN MISATO CHO","05","秋田県"
"05463","雄勝郡羽後町","OGACHI GUN UGO MACHI","05","秋田県"
"05464","雄勝郡東成瀬村","OGACHI GUN HIGASHINARUSE MURA","05","秋田県"
"06201","山形市","YAMAGATA SHI","06","山形県"
"06202","米沢市","YONEZAWA SHI","06","山形県"
"06203","鶴岡市","TSURUOKA SHI","06","山形県"
"06204","酒田市","SAKATA SHI","06","山形県"
"06205","新庄市","SHINJO SHI","06","山形県"
"06206","寒河江市","SAGAE SHI","06","山形県"
"06207","上山市","KAMINOYAMA SHI","06","山形県"
"06208","村山市","MURAYAMA SHI","06","山形県"
"06209","長井市","NAGAI SHI","06","山形県"
"06210","天童市","TENDO SHI","06","山形県"
"06211","東根市","HIGASHINE SHI","06","山形県"
"06212","尾花沢市","OBANAZAWA SHI","06","山形県"
"06213","南陽市","NANYO SHI","06","山形県"
"06301","東村山郡山辺町","HIGASHIMURAYAMA GUN YAMANOBE MACHI","06","山形県"
"06302","東村山郡中山町","HIGASHIMURAYAMA GUN NAKAYAMA MACHI","06","山形県"
"06321","西村山郡河北町","NISHIMURAYAMA GUN KAHOKU CHO","06","山形県"
"06322","西村山郡西川町","NISHIMURAYAMA GUN NISHIKAWA MACHI","06","山形県"
"06323","西村山郡朝日町","NISHIMURAYAMA GUN ASAHI MACHI","06","山形県"
"06324","西村山郡大江町","NISHIMURAYAMA GUN OE MACHI","06","山形県"
"06341","北村山郡大石田町","KITAMURAYAMA GUN OISHIDA MACHI","06","山形県"
"06361","最上郡金山町","MOGAMI GUN KANEYAMA MACHI","06","山形県"
"06362","最上郡最上町","MOGAMI GUN MOGAMI MACHI","06","山形県"
"06363","最上郡舟形町","MOGAMI GUN FUNAGATA MACHI","06","山形県"
"06364","最上郡真室川町","MOGAMI GUN MAMUROGAWA MACHI","06","山形県"
"06365","最上郡大蔵村","MOGAMI GUN OKURA MURA","06","山形県"
"06366","最上郡鮭川村","MOGAMI GUN SAKEGAWA MURA","06","山形県"
"06367","最上郡戸沢村","MOGAMI GUN TOZAWA MURA","06","山形県"
"06381","東置賜郡高畠町","HIGASHIOKITAMA GUN TAKAHATA MACHI","06","山形県"
"06382","東置賜郡川西町","HIGASHIOKITAMA GUN KAWANISHI MACHI","06","山形県"
"06401","西置賜郡小国町","NISHIOKITAMA GUN OGUNI MACHI","06","山形県"
"06402","西置賜郡白鷹町","NISHIOKITAMA GUN SHIRATAKA MACHI","06","山形県"
"06403","西置賜郡飯豊町","NISHIOKITAMA GUN IIDE MACHI","06","山形県"
"06426","東田川郡三川町","HIGASHITAGAWA GUN MIKAWA MACHI","06","山形県"
"06428","東田川郡庄内町","HIGASHITAGAWA GUN SHONAI MACHI","06","山形県"
"06461","飽海郡遊佐町","AKUMI GUN YUZA MACHI","06","山形県"
"07201","福島市","FUKUSHIMA SHI","07","福島県"
"07202","会津若松市","AIZUWAKAMATSU SHI","07","福島県"
"07203","郡山市","KORIYAMA SHI","07","福島県"
"07204","いわき市","IWAKI SHI","07","福島県"
"07205","白河市","SHIRAKAWA SHI","07","福島県"
"07207","須賀川市","SUKAGAWA SHI","07","福島県"
"07208","喜多方市","KITAKATA SHI","07","福島県"
"07209","相馬市","SOMA SHI","07","福島県"
"07210","二本松市","NIHOMMATSU SHI","07","福島県"
"07211","田村市","TAMURA SHI","07","福島県"
"07212","南相馬市","MINAMISOMA SHI","07","福島県"
"07213","伊達市","DATE SHI","07","福島県"
"07214","本宮市","MOTOMIYA SHI","07","福島県"
"07301","伊達郡桑折町","DATE GUN KORI MACHI","07","福島県"
"07303","伊達郡国見町","DATE GUN KUNIMI MACHI","07","福島県"
"07308","伊達郡川俣町","DATE GUN KAWAMATA MACHI","07","福島県"
"07322","安達郡大玉村","ADACHI GUN OTAMA MURA","07","福島県"
"07342","岩瀬郡鏡石町","IWASE GUN KAGAMIISHI MACHI","07","福島県"
"07344","岩瀬郡天栄村","IWASE GUN TENEI MURA","07","福島県"
"07362","南会津郡下郷町","MINAMIAIZU GUN SHIMOGO MACHI","07","福島県"
"07364","南会津郡檜枝岐村","MINAMIAIZU GUN HINOEMATA MURA","07","福島県"
"07367","南会津郡只見町","MINAMIAIZU GUN TADAMI MACHI","07","福島県"
"07368","南会津郡南会津町","MINAMIAIZU GUN MINAMIAIZU MACHI","07","福島県"
"07402","耶麻郡北塩原村","YAMA GUN KITASHIOBARA MURA","07","福島県"
"07405","耶麻郡西会津町","YAMA GUN NISHIAIZU MACHI","07","福島県"
"07407","耶麻郡磐梯町","YAMA GUN BANDAI MACHI","07","福島県"
"07408","耶麻郡猪苗代町","YAMA GUN INAWASHIRO MACHI","07","福島県"
"07421","河沼郡会津坂下町","KAWANUMA GUN AIZUBANGE MACHI","07","福島県"
"07422","河沼郡湯川村","KAWANUMA GUN YUGAWA MURA","07","福島県"
"07423","河沼郡柳津町","KAWANUMA GUN YANAIZU MACHI","07","福島県"
"07444","大沼郡三島町","ONUMA GUN MISHIMA MACHI","07","福島県"
"07445","大沼郡金山町","ONUMA GUN KANEYAMA MACHI","07","福島県"
"07446","大沼郡昭和村","ONUMA GUN SHOWA MURA","07","福島県"
"07447","大沼郡会津美里町","ONUMA GUN AIZUMISATO MACHI","07","福島県"
"07461","西白河郡西郷村","NISHISHIRAKAWA GUN NISHIGO MURA","07","福島県"
"07464","西白河郡泉崎村","NISHISHIRAKAWA GUN IZUMIZAKI MURA","07","福島県"
"07465","西白河郡中島村","NISHISHIRAKAWA GUN NAKAJIMA MURA","07","福島県"
"07466","西白河郡矢吹町","NISHISHIRAKAWA GUN YABUKI MACHI","07","福島県"
"07481","東白川郡棚倉町","HIGASHISHIRAKAWA GUN TANAGURA MACHI","07","福島県"
"07482","東白川郡矢祭町","HIGASHISHIRAKAWA GUN YAMATSURI MACH","07","福島県"
"07483","東白川郡塙町","HIGASHISHIRAKAWA GUN HANAWA MACHI","07","福島県"
"07484","東白川郡鮫川村","HIGASHISHIRAKAWA GUN SAMEGAWA MURA","07","福島県"
"07501","石川郡石川町","ISHIKAWA GUN ISHIKAWA MACHI","07","福島県"
"07502","石川郡玉川村","ISHIKAWA GUN TAMAKAWA MURA","07","福島県"
"07503","石川郡平田村","ISHIKAWA GUN HIRATA MURA","07","福島県"
"07504","石川郡浅川町","ISHIKAWA GUN ASAKAWA MACHI","07","福島県"
"07505","石川郡古殿町","ISHIKAWA GUN FURUDONO MACHI","07","福島県"
"07521","田村郡三春町","TAMURA GUN MIHARU MACHI","07","福島県"
"07522","田村郡小野町","TAMURA GUN ONO MACHI","07","福島県"
"07541","双葉郡広野町","FUTABA GUN HIRONO MACHI","07","福島県"
"07542","双葉郡楢葉町","FUTABA GUN NARAHA MACHI","07","福島県"
"07543","双葉郡富岡町","FUTABA GUN TOMIOKA MACHI","07","福島県"
"07544","双葉郡川内村","FUTABA GUN KAWAUCHI MURA","07","福島県"
"07545","双葉郡大熊町","FUTABA GUN OKUMA MACHI","07","福島県"
"07546","双葉郡双葉町","FUTABA GUN FUTABA MACHI","07","福島県"
"07547","双葉郡浪江町","FUTABA GUN NAMIE MACHI","07","福島県"
"07548","双葉郡葛尾村","FUTABA GUN KATSURAO MURA","07","福島県"
"07561","相馬郡新地町","SOMA GUN SHINCHI MACHI","07","福島県"
"07564","相馬郡飯舘村","SOMA GUN IITATE MURA","07","福島県"
"08201","水戸市","MITO SHI","08","茨城県"
"08202","日立市","HITACHI SHI","08","茨城県"
"08203","土浦市","TSUCHIURA SHI","08","茨城県"
"08204","古河市","KOGA SHI","08","茨城県"
"08205","石岡市","ISHIOKA SHI","08","茨城県"
"08207","結城市","YUKI SHI","08","茨城県"
"08208","龍ケ崎市","RYUGASAKI SHI","08","茨城県"
"08210","下妻市","SHIMOTSUMA SHI","08","茨城県"
"08211","常総市","JOSO SHI","08","茨城県"
"08212","常陸太田市","HITACHIOTA SHI","08","茨城県"
"08214","高萩市","TAKAHAGI SHI","08","茨城県"
"08215","北茨城市","KITAIBARAKI SHI","08","茨城県"
"08216","笠間市","KASAMA SHI","08","茨城県"
"08217","取手市","TORIDE SHI","08","茨城県"
"08219","牛久市","USHIKU SHI","08","茨城県"
"08220","つくば市","TSUKUBA SHI","08","茨城県"
"08221","ひたちなか市","HITACHINAKA SHI","08","茨城県"
"08222","鹿嶋市","KASHIMA SHI","08","茨城県"
"08223","潮来市","ITAKO SHI","08","茨城県"
"08224","守谷市","MORIYA SHI","08","茨城県"
"08225","常陸大宮市","HITACHIOMIYA SHI","08","茨城県"
"08226","那珂市","NAKA SHI","08","茨城県"
"08227","筑西市","CHIKUSEI SHI","08","茨城県"
"08228","坂東市","BANDO SHI","08","茨城県"
"08229","稲敷市","INASHIKI SHI","08","茨城県"
"08230","かすみがうら市","KASUMIGAURA SHI","08","茨城県"
"08231","桜川市","SAKURAGAWA SHI","08","茨城県"
"08232","神栖市","KAMISU SHI","08","茨城県"
"08233","行方市","NAMEGATA SHI","08","茨城県"
"08234","鉾田市","HOKOTA SHI","08","茨城県"
"08235","つくばみらい市","TSUKUBAMIRAI SHI","08","茨城県"
"08236","小美玉市","OMITAMA SHI","08","茨城県"
"08302","東茨城郡茨城町","HIGASHIIBARAKI GUN IBARAKI MACHI","08","茨城県"
"08309","東茨城郡大洗町","HIGASHIIBARAKI GUN OARAI MACHI","08","茨城県"
"08310","東茨城郡城里町","HIGASHIIBARAKI GUN SHIROSATO MACHI","08","茨城県"
"08341","那珂郡東海村","NAKA GUN TOKAI MURA","08","茨城県"
"08364","久慈郡大子町","KUJI GUN DAIGO MACHI","08","茨城県"
"08442","稲敷郡美浦村","INASHIKI GUN MIHO MURA","08","茨城県"
"08443","稲敷郡阿見町","INASHIKI GUN AMI MACHI","08","茨城県"
"08447","稲敷郡河内町","INASHIKI GUN KAWACHI MACHI","08","茨城県"
"08521","結城郡八千代町","YUKI GUN YACHIYO MACHI","08","茨城県"
"08542","猿島郡五霞町","SASHIMA GUN GOKA MACHI","08","茨城県"
"08546","猿島郡境町","SASHIMA GUN SAKAI MACHI","08","茨城県"
"08564","北相馬郡利根町","KITASOMA GUN TONE MACHI","08","茨城県"
"09201","宇都宮市","UTSUNOMIYA SHI","09","栃木県"
"09202","足利市","ASHIKAGA SHI","09","栃木県"
"09203","栃木市","TOCHIGI SHI","09","栃木県"
"09204","佐野市","SANO SHI","09","栃木県"
"09205","鹿沼市","KANUMA SHI","09","栃木県"
"09206","日光市","NIKKO SHI","09","栃木県"
"09208","小山市","OYAMA SHI","09","栃木県"
"09209","真岡市","MOKA SHI","09","栃木県"
"09210","大田原市","OTAWARA SHI","09","栃木県"
"09211","矢板市","YAITA SHI","09","栃木県"
"09213","那須塩原市","NASUSHIOBARA SHI","09","栃木県"
"09214","さくら市","SAKURA SHI","09","栃木県"
"09215","那須烏山市","NASUKARASUYAMA SHI","09","栃木県"
"09216","下野市","SHIMOTSUKE SHI","09","栃木県"
"09301","河内郡上三川町","KAWACHI GUN KAMINOKAWA MACHI","09","栃木県"
"09342","芳賀郡益子町","HAGA GUN MASHIKO MACHI","09","栃木県"
"09343","芳賀郡茂木町","HAGA GUN MOTEGI MACHI","09","栃木県"
"09344","芳賀郡市貝町","HAGA GUN ICHIKAI MACHI","09","栃木県"
"09345","芳賀郡芳賀町","HAGA GUN HAGA MACHI","09","栃木県"
"09361","下都賀郡壬生町","SHIMOTSUGA GUN MIBU MACHI","09","栃木県"
"09364","下都賀郡野木町","SHIMOTSUGA GUN NOGI MACHI","09","栃木県"
"09384","塩谷郡塩谷町","SHIOYA GUN SHIOYA MACHI","09","栃木県"
"09386","塩谷郡高根沢町","SHIOYA GUN TAKANEZAWA MACHI","09","栃木県"
"09407","那須郡那須町","NASU GUN NASU MACHI","09","栃木県"
"09411","那須郡那珂川町","NASU GUN NAKAGAWA MACHI","09","栃木県"
"10201","前橋市","MAEBASHI SHI","10","群馬県"
"10202","高崎市","TAKASAKI SHI","10","群馬県"
"10203","桐生市","KIRYU SHI","10","群馬県"
"10204","伊勢崎市","ISESAKI SHI","10","群馬県"
"10205","太田市","OTA SHI","10","群馬県"
"10206","沼田市","NUMATA SHI","10","群馬県"
"10207","館林市","TATEBAYASHI SHI","10","群馬県"
"10208","渋川市","SHIBUKAWA SHI","10","群馬県"
"10209","藤岡市","FUJIOKA SHI","10","群馬県"
"10210","富岡市","TOMIOKA SHI","10","群馬県"
"10211","安中市","ANNAKA SHI","10","群馬県"
"10212","みどり市","MIDORI SHI","10","群馬県"
"10344","北群馬郡榛東村","KITAGUMMA GUN SHINTO MURA","10","群馬県"
"10345","北群馬郡吉岡町","KITAGUMMA GUN YOSHIOKA MACHI","10","群馬県"
"10366","多野郡上野村","TANO GUN UENO MURA","10","群馬県"
"10367","多野郡神流町","TANO GUN KANNA MACHI","10","群馬県"
"10382","甘楽郡下仁田町","KANRA GUN SHIMONITA MACHI","10","群馬県"
"10383","甘楽郡南牧村","KANRA GUN NAMMOKU MURA","10","群馬県"
"10384","甘楽郡甘楽町","KANRA GUN KANRA MACHI","10","群馬県"
"10421","吾妻郡中之条町","AGATSUMA GUN NAKANOJO MACHI","10","群馬県"
"10424","吾妻郡長野原町","AGATSUMA GUN NAGANOHARA MACHI","10","群馬県"
"10425","吾妻郡嬬恋村","AGATSUMA GUN TSUMAGOI MURA","10","群馬県"
"10426","吾妻郡草津町","AGATSUMA GUN KUSATSU MACHI","10","群馬県"
"10428","吾妻郡高山村","AGATSUMA GUN TAKAYAMA MURA","10","群馬県"
"10429","吾妻郡東吾妻町","AGATSUMA GUN HIGASHIAGATSUMA MACHI","10","群馬県"
"10443","利根郡片品村","TONE GUN KATASHINA MURA","10","群馬県"
"10444","利根郡川場村","TONE GUN KAWABA MURA","10","群馬県"
"10448","利根郡昭和村","TONE GUN SHOWA MURA","10","群馬県"
"10449","利根郡みなかみ町","TONE GUN MINAKAMI MACHI","10","群馬県"
"10464","佐波郡玉村町","SAWA GUN TAMAMURA MACHI","10","群馬県"
"10521","邑楽郡板倉町","ORA GUN ITAKURA MACHI","10","群馬県"
"10522","邑楽郡明和町","ORA GUN MEIWA MACHI","10","群馬県"
"10523","邑楽郡千代田町","ORA GUN CHIYODA MACHI","10","群馬県"
"10524","邑楽郡大泉町","ORA GUN OIZUMI MACHI","10","群馬県"
"10525","邑楽郡邑楽町","ORA GUN ORA MACHI","10","群馬県"
"11101","さいたま市西区","SAITAMA SHI NISHI KU","11","埼玉県"
"11102","さいたま市北区","SAITAMA SHI KITA KU","11","埼玉県"
"11103","さいたま市大宮区","SAITAMA SHI OMIYA KU","11","埼玉県"
"11104","さいたま市見沼区","SAITAMA SHI MINUMA KU","11","埼玉県"
"11105","さいたま市中央区","SAITAMA SHI CHUO KU","11","埼玉県"
"11106","さいたま市桜区","SAITAMA SHI SAKURA KU","11","埼玉県"
"11107","さいたま市浦和区","SAITAMA SHI URAWA KU","11","埼玉県"
"11108","さいたま市南区","SAITAMA SHI MINAMI KU","11","埼玉県"
"11109","さいたま市緑区","SAITAMA SHI MIDORI KU","11","埼玉県"
"11110","さいたま市岩槻区","SAITAMA SHI IWATSUKI KU","11","埼玉県"
"11201","川越市","KAWAGOE SHI","11","埼玉県"
"11202","熊谷市","KUMAGAYA SHI","11","埼玉県"
"11203","川口市","KAWAGUCHI SHI","11","埼玉県"
"11206","行田市","GYODA SHI","11","埼玉県"
"11207","秩父市","CHICHIBU SHI","11","埼玉県"
"11208","所沢市","TOKOROZAWA SHI","11","埼玉県"
"11209","飯能市","HANNO SHI","11","埼玉県"
"11210","加須市","KAZO SHI","11","埼玉県"
"11211","本庄市","HONJO SHI","11","埼玉県"
"11212","東松山市","HIGASHIMATSUYAMA SHI","11","埼玉県"
"11214","春日部市","KASUKABE SHI","11","埼玉県"
"11215","狭山市","SAYAMA SHI","11","埼玉県"
"11216","羽生市","HANYU SHI","11","埼玉県"
"11217","鴻巣市","KONOSU SHI","11","埼玉県"
"11218","深谷市","FUKAYA SHI","11","埼玉県"
"11219","上尾市","AGEO SHI","11","埼玉県"
"11221","草加市","SOKA SHI","11","埼玉県"
"11222","越谷市","KOSHIGAYA SHI","11","埼玉県"
"11223","蕨市","WARABI SHI","11","埼玉県"
"11224","戸田市","TODA SHI","11","埼玉県"
"11225","入間市","IRUMA SHI","11","埼玉県"
"11227","朝霞市","ASAKA SHI","11","埼玉県"
"11228","志木市","SHIKI SHI","11","埼玉県"
"11229","和光市","WAKO SHI","11","埼玉県"
"11230","新座市","NIIZA SHI","11","埼玉県"
"11231","桶川市","OKEGAWA SHI","11","埼玉県"
"11232","久喜市","KUKI SHI","11","埼玉県"
"11233","北本市","KITAMOTO SHI","11","埼玉県"
"11234","八潮市","YASHIO SHI","11","埼玉県"
"11235","富士見市","FUJIMI SHI","11","埼玉県"
"11237","三郷市","MISATO SHI","11","埼玉県"
"11238","蓮田市","HASUDA SHI","11","埼玉県"
"11239","坂戸市","SAKADO SHI","11","埼玉県"
"11240","幸手市","SATTE SHI","11","埼玉県"
"11241","鶴ヶ島市","TSURUGASHIMA SHI","11","埼玉県"
"11242","日高市","HIDAKA SHI","11","埼玉県"
"11243","吉川市","YOSHIKAWA SHI","11","埼玉県"
"11245","ふじみ野市","FUJIMINO SHI","11","埼玉県"
"11246","白岡市","SHIRAOKA SHI","11","埼玉県"
"11301","北足立郡伊奈町","KITAADACHI GUN INA MACHI","11","埼玉県"
"11324","入間郡三芳町","IRUMA GUN MIYOSHI MACHI","11","埼玉県"
"11326","入間郡毛呂山町","IRUMA GUN MOROYAMA MACHI","11","埼玉県"
"11327","入間郡越生町","IRUMA GUN OGOSE MACHI","11","埼玉県"
"11341","比企郡滑川町","HIKI GUN NAMEGAWA MACHI","11","埼玉県"
"11342","比企郡嵐山町","HIKI GUN RANZAN MACHI","11","埼玉県"
"11343","比企郡小川町","HIKI GUN OGAWA MACHI","11","埼玉県"
"11346","比企郡川島町","HIKI GUN KAWAJIMA MACHI","11","埼玉県"
"11347","比企郡吉見町","HIKI GUN YOSHIMI MACHI","11","埼玉県"
"11348","比企郡鳩山町","HIKI GUN HATOYAMA MACHI","11","埼玉県"
"11349","比企郡ときがわ町","HIKI GUN TOKIGAWA MACHI","11","埼玉県"
"11361","秩父郡横瀬町","CHICHIBU GUN YOKOZE MACHI","11","埼玉県"
"11362","秩父郡皆野町","CHICHIBU GUN MINANO MACHI","11","埼玉県"
"11363","秩父郡長瀞町","CHICHIBU GUN NAGATORO MACHI","11","埼玉県"
"11365","秩父郡小鹿野町","CHICHIBU GUN OGANO MACHI","11","埼玉県"
"11369","秩父郡東秩父村","CHICHIBU GUN HIGASHICHICHIBU MURA","11","埼玉県"
"11381","児玉郡美里町","KODAMA GUN MISATO MACHI","11","埼玉県"
"11383","児玉郡神川町","KODAMA GUN KAMIKAWA MACHI","11","埼玉県"
"11385","児玉郡上里町","KODAMA GUN KAMISATO MACHI","11","埼玉県"
"11408","大里郡寄居町","OSATO GUN YORII MACHI","11","埼玉県"
"11442","南埼玉郡宮代町","MINAMISAITAMA GUN MIYASHIRO MACHI","11","埼玉県"
"11464","北葛飾郡杉戸町","KITAKATSUSHIKA GUN SUGITO MACHI","11","埼玉県"
"11465","北葛飾郡松伏町","KITAKATSUSHIKA GUN MATSUBUSHI MACHI","11","埼玉県"
"12101","千葉市中央区","CHIBA SHI CHUO KU","12","千葉県"
"12102","千葉市花見川区","CHIBA SHI HANAMIGAWA KU","12","千葉県"
"12103","千葉市稲毛区","CHIBA SHI INAGE KU","12","千葉県"
"12104","千葉市若葉区","CHIBA SHI WAKABA KU","12","千葉県"
"12105","千葉市緑区","CHIBA SHI MIDORI KU","12","千葉県"
"12106","千葉市美浜区","CHIBA SHI MIHAMA KU","12","千葉県"
"12202","銚子市","CHOSHI SHI","12","千葉県"
"12203","市川市","ICHIKAWA SHI","12","千葉県"
"12204","船橋市","FUNABASHI SHI","12","千葉県"
"12205","館山市","TATEYAMA SHI","12","千葉県"
"12206","木更津市","KISARAZU SHI","12","千葉県"
"12207","松戸市","MATSUDO SHI","12","千葉県"
"12208","野田市","NODA SHI","12","千葉県"
"12210","茂原市","MOBARA SHI","12","千葉県"
"12211","成田市","NARITA SHI","12","千葉県"
"12212","佐倉市","SAKURA SHI","12","千葉県"
"12213","東金市","TOGANE SHI","12","千葉県"
"12215","旭市","ASAHI SHI","12","千葉県"
"12216","習志野市","NARASHINO SHI","12","千葉県"
"12217","柏市","KASHIWA SHI","12","千葉県"
"12218","勝浦市","KATSURA SHI","12","千葉県"
"12219","市原市","ICHIHARA SHI","12","千葉県"
"12220","流山市","NAGAREYAMA SHI","12","千葉県"
"12221","八千代市","YACHIYO SHI","12","千葉県"
"12222","我孫子市","ABIKO SHI","12","千葉県"
"12223","鴨川市","KAMOGAWA SHI","12","千葉県"
"12224","鎌ケ谷市","KAMAGAYA SHI","12","千葉県"
"12225","君津市","KIMITSU SHI","12","千葉県"
"12226","富津市","FUTTSU SHI","12","千葉県"
"12227","浦安市","URAYASU SHI","12","千葉県"
"12228","四街道市","YOTSUKAIDO SHI","12","千葉県"
"12229","袖ケ浦市","SODEGAURA SHI","12","千葉県"
"12230","八街市","YACHIMATA SHI","12","千葉県"
"12231","印西市","INZAI SHI","12","千葉県"
"12232","白井市","SHIROI SHI","12","千葉県"
"12233","富里市","TOMISATO SHI","12","千葉県"
"12234","南房総市","MINAMIBOSO SHI","12","千葉県"
"12235","匝瑳市","SOSA SHI","12","千葉県"
"12236","香取市","KATORI SHI","12","千葉県"
"12237","山武市","SAMMU SHI","12","千葉県"
"12238","いすみ市","ISUMI SHI","12","千葉県"
"12239","大網白里市","OAMISHIRASATO SHI","12","千葉県"
"12322","印旛郡酒々井町","IMBA GUN SHISUI MACHI","12","千葉県"
"12329","印旛郡栄町","IMBA GUN SAKAE MACHI","12","千葉県"
"12342","香取郡神崎町","KATORI GUN KOZAKI MACHI","12","千葉県"
"12347","香取郡多古町","KATORI GUN TAKO MACHI","12","千葉県"
"12349","香取郡東庄町","KATORI GUN TONOSHO MACHI","12","千葉県"
"12403","山武郡九十九里町","SAMBU GUN KUJUKURI MACHI","12","千葉県"
"12409","山武郡芝山町","SAMBU GUN SHIBAYAMA MACHI","12","千葉県"
"12410","山武郡横芝光町","SAMBU GUN YOKOSHIBAHIKARI MACHI","12","千葉県"
"12421","長生郡一宮町","CHOSEI GUN ICHINOMIYA MACHI","12","千葉県"
"12422","長生郡睦沢町","CHOSEI GUN MUTSUZAWA MACHI","12","千葉県"
"12423","長生郡長生村","CHOSEI GUN CHOSEI MURA","12","千葉県"
"12424","長生郡白子町","CHOSEI GUN SHIRAKO MACHI","12","千葉県"
"12426","長生郡長柄町","CHOSEI GUN NAGARA MACHI","12","千葉県"
"12427","長生郡長南町","CHOSEI GUN CHONAN MACHI","12","千葉県"
"12441","夷隅郡大多喜町","ISUMI GUN OTAKI MACHI","12","千葉県"
"12443","夷隅郡御宿町","ISUMI GUN ONJUKU MACHI","12","千葉県"
"12463","安房郡鋸南町","AWA GUN KYONAN MACHI","12","千葉県"
"13101","千代田区","CHIYODA KU","13","東京都"
"13102","中央区","CHUO KU","13","東京都"
"13103","港区","MINATO KU","13","東京都"
"13104","新宿区","SHINJUKU KU","13","東京都"
"13105","文京区","BUNKYO KU","13","東京都"
"13106","台東区","TAITO KU","13","東京都"
"13107","墨田区","SUMIDA KU","13","東京都"
"13108","江東区","KOTO KU","13","東京都"
"13109","品川区","SHINAGAWA KU","13","東京都"
"13110","目黒区","MEGURO KU","13","東京都"
"13111","大田区","OTA KU","13","東京都"
"13112","世田谷区","SETAGAYA KU","13","東京都"
"13113","渋谷区","SHIBUYA KU","13","東京都"
"13114","中野区","NAKANO KU","13","東京都"
"13115","杉並区","SUGINAMI KU","13","東京都"
"13116","豊島区","TOSHIMA KU","13","東京都"
"13117","北区","KITA KU","13","東京都"
"13118","荒川区","ARAKAWA KU","13","東京都"
"13119","板橋区","ITABASHI KU","13","東京都"
"13120","練馬区","NERIMA KU","13","東京都"
"13121","足立区","ADACHI KU","13","東京都"
"13122","葛飾区","KATSUSHIKA KU","13","東京都"
"13123","江戸川区","EDOGAWA KU","13","東京都"
"13201","八王子市","HACHIOJI SHI","13","東京都"
"13202","立川市","TACHIKAWA SHI","13","東京都"
"13203","武蔵野市","MUSASHINO SHI","13","東京都"
"13204","三鷹市","MITAKA SHI","13","東京都"
"13205","青梅市","OME SHI","13","東京都"
"13206","府中市","FUCHU SHI","13","東京都"
"13207","昭島市","AKISHIMA SHI","13","東京都"
"13208","調布市","CHOFU SHI","13","東京都"
"13209","町田市","MACHIDA SHI","13","東京都"
"13210","小金井市","KOGANEI SHI","13","東京都"
"13211","小平市","KODAIRA SHI","13","東京都"
"13212","日野市","HINO SHI","13","東京都"
"13213","東村山市","HIGASHIMURAYAMA SHI","13","東京都"
"13214","国分寺市","KOKUBUNJI SHI","13","東京都"
"13215","国立市","KUNITACHI SHI","13","東京都"
"13218","福生市","FUSSA SHI","13","東京都"
"13219","狛江市","KOMAE SHI","13","東京都"
"13220","東大和市","HIGASHIYAMATO SHI","13","東京都"
"13221","清瀬市","KIYOSE SHI","13","東京都"
"13222","東久留米市","HIGASHIKURUME SHI","13","東京都"
"13223","武蔵村山市","MUSASHIMURAYAMA SHI","13","東京都"
"13224","多摩市","TAMA SHI","13","東京都"
"13225","稲城市","INAGI SHI","13","東京都"
"13227","羽村市","HAMURA SHI","13","東京都"
"13228","あきる野市","AKIRUNO SHI","13","東京都"
"13229","西東京市","NISHITOKYO SHI","13","東京都"
"13303","西多摩郡瑞穂町","NISHITAMA GUN MIZUHO MACHI","13","東京都"
"13305","西多摩郡日の出町","NISHITAMA GUN HINODE MACHI","13","東京都"
"13307","西多摩郡檜原村","NISHITAMA GUN HINOHARA MURA","13","東京都"
"13308","西多摩郡奥多摩町","NISHITAMA GUN OKUTAMA MACHI","13","東京都"
"13361","大島町","OSHIMA MACHI","13","東京都"
"13362","利島村","TOSHIMA MURA","13","東京都"
"13363","新島村","NIIJIMA MURA","13","東京都"
"13364","神津島村","KOZUSHIMA MURA","13","東京都"
"13381","三宅島三宅村","MIYAKEJIMA MIYAKE MURA","13","東京都"
"13382","御蔵島村","MIKURAJIMA MURA","13","東京都"
"13401","八丈島八丈町","HACHIJOJIMA HACHIJO MACHI","13","東京都"
"13402","青ヶ島村","AOGASHIMA MURA","13","東京都"
"13421","小笠原村","OGASAWARA MURA","13","東京都"
"14101","横浜市鶴見区","YOKOHAMA SHI TSURUMI KU","14","神奈川県"
"14102","横浜市神奈川区","YOKOHAMA SHI KANAGAWA KU","14","神奈川県"
"14103","横浜市西区","YOKOHAMA SHI NISHI KU","14","神奈川県"
"14104","横浜市中区","YOKOHAMA SHI NAKA KU","14","神奈川県"
"14105","横浜市南区","YOKOHAMA SHI MINAMI KU","14","神奈川県"
"14106","横浜市保土ケ谷区","YOKOHAMA SHI HODOGAYA KU","14","神奈川県"
"14107","横浜市磯子区","YOKOHAMA SHI ISOGO KU","14","神奈川県"
"14108","横浜市金沢区","YOKOHAMA SHI KANAZAWA KU","14","神奈川県"
"14109","横浜市港北区","YOKOHAMA SHI KOHOKU KU","14","神奈川県"
"14110","横浜市戸塚区","YOKOHAMA SHI TOTSUKA KU","14","神奈川県"
"14111","横浜市港南区","YOKOHAMA SHI KONAN KU","14","神奈川県"
"14112","横浜市旭区","YOKOHAMA SHI ASAHI KU","14","神奈川県"
"14113","横浜市緑区","YOKOHAMA SHI MIDORI KU","14","神奈川県"
"14114","横浜市瀬谷区","YOKOHAMA SHI SEYA KU","14","神奈川県"
"14115","横浜市栄区","YOKOHAMA SHI SAKAE KU","14","神奈川県"
"14116","横浜市泉区","YOKOHAMA SHI IZUMI KU","14","神奈川県"
"14117","横浜市青葉区","YOKOHAMA SHI AOBA KU","14","神奈川県"
"14118","横浜市都筑区","YOKOHAMA SHI TSUZUKI KU","14","神奈川県"
"14131","川崎市川崎区","KAWASAKI SHI KAWASAKI KU","14","神奈川県"
"14132","川崎市幸区","KAWASAKI SHI SAIWAI KU","14","神奈川県"
"14133","川崎市中原区","KAWASAKI SHI NAKAHARA KU","14","神奈川県"
"14134","川崎市高津区","KAWASAKI SHI TAKATSU KU","14","神奈川県"
"14135","川崎市多摩区","KAWASAKI SHI TAMA KU","14","神奈川県"
"14136","川崎市宮前区","KAWASAKI SHI MIYAMAE KU","14","神奈川県"
"14137","川崎市麻生区","KAWASAKI SHI ASAO KU","14","神奈川県"
"14151","相模原市緑区","SAGAMIHARA SHI MIDORI KU","14","神奈川県"
"14152","相模原市中央区","SAGAMIHARA SHI CHUO KU","14","神奈川県"
"14153","相模原市南区","SAGAMIHARA SHI MINAMI KU","14","神奈川県"
"14201","横須賀市","YOKOSUKA SHI","14","神奈川県"
"14203","平塚市","HIRATSUKA SHI","14","神奈川県"
"14204","鎌倉市","KAMAKURA SHI","14","神奈川県"
"14205","藤沢市","FUJISAWA SHI","14","神奈川県"
"14206","小田原市","ODAWARA SHI","14","神奈川県"
"14207","茅ヶ崎市","CHIGASAKI SHI","14","神奈川県"
"14208","逗子市","ZUSHI SHI","14","神奈川県"
"14210","三浦市","MIURA SHI","14","神奈川県"
"14211","秦野市","HADANO SHI","14","神奈川県"
"14212","厚木市","ATSUGI SHI","14","神奈川県"
"14213","大和市","YAMATO SHI","14","神奈川県"
"14214","伊勢原市","ISEHARA SHI","14","神奈川県"
"14215","海老名市","EBINA SHI","14","神奈川県"
"14216","座間市","ZAMA SHI","14","神奈川県"
"14217","南足柄市","MINAMIASHIGARA SHI","14","神奈川県"
"14218","綾瀬市","AYASE SHI","14","神奈川県"
"14301","三浦郡葉山町","MIURA GUN HAYAMA MACHI","14","神奈川県"
"14321","高座郡寒川町","KOZA GUN SAMUKAWA MACHI","14","神奈川県"
"14341","中郡大磯町","NAKA GUN OISO MACHI","14","神奈川県"
"14342","中郡二宮町","NAKA GUN NINOMIYA MACHI","14","神奈川県"
"14361","足柄上郡中井町","ASHIGARAKAMI GUN NAKAI MACHI","14","神奈川県"
"14362","足柄上郡大井町","ASHIGARAKAMI GUN OI MACHI","14","神奈川県"
"14363","足柄上郡松田町","ASHIGARAKAMI GUN MATSUDA MACHI","14","神奈川県"
"14364","足柄上郡山北町","ASHIGARAKAMI GUN YAMAKITA MACHI","14","神奈川県"
"14366","足柄上郡開成町","ASHIGARAKAMI GUN KAISEI MACHI","14","神奈川県"
"14382","足柄下郡箱根町","ASHIGARASHIMO GUN HAKONE MACHI","14","神奈川県"
"14383","足柄下郡真鶴町","ASHIGARASHIMO GUN MANAZURU MACHI","14","神奈川県"
"14384","足柄下郡湯河原町","ASHIGARASHIMO GUN YUGAWARA MACHI","14","神奈川県"
"14401","愛甲郡愛川町","AIKO GUN AIKAWA MACHI","14","神奈川県"
"14402","愛甲郡清川村","AIKO GUN KIYOKAWA MURA","14","神奈川県"
"15101","新潟市北区","NIIGATA SHI KITA KU","15","新潟県"
"15102","新潟市東区","NIIGATA SHI HIGASHI KU","15","新潟県"
"15103","新潟市中央区","NIIGATA SHI CHUO KU","15","新潟県"
"15104","新潟市江南区","NIIGATA SHI KONAN KU","15","新潟県"
"15105","新潟市秋葉区","NIIGATA SHI AKIHA KU","15","新潟県"
"15106","新潟市南区","NIIGATA SHI MINAMI KU","15","新潟県"
"15107","新潟市西区","NIIGATA SHI NISHI KU","15","新潟県"
"15108","新潟市西蒲区","NIIGATA SHI NISHIKAN KU","15","新潟県"
"15202","長岡市","NAGAOKA SHI","15","新潟県"
"15204","三条市","SANJO SHI","15","新潟県"
"15205","柏崎市","KASHIWAZAKI SHI","15","新潟県"
"15206","新発田市","SHIBATA SHI","15","新潟県"
"15208","小千谷市","OJIYA SHI","15","新潟県"
"15209","加茂市","KAMO SHI","15","新潟県"
"15210","十日町市","TOKAMACHI SHI","15","新潟県"
"15211","見附市","MITSUKE SHI","15","新潟県"
"15212","村上市","MURAKAMI SHI","15","新潟県"
"15213","燕市","TSUBAME SHI","15","新潟県"
"15216","糸魚川市","ITOIGAWA SHI","15","新潟県"
"15217","妙高市","MYOKO SHI","15","新潟県"
"15218","五泉市","GOSEN SHI","15","新潟県"
"15222","上越市","JOETSU SHI","15","新潟県"
"15223","阿賀野市","AGANO SHI","15","新潟県"
"15224","佐渡市","SADO SHI","15","新潟県"
"15225","魚沼市","UONUMA SHI","15","新潟県"
"15226","南魚沼市","MINAMIUONUMA SHI","15","新潟県"
"15227","胎内市","TAINAI SHI","15","新潟県"
"15307","北蒲原郡聖籠町","KITAKAMBARA GUN SEIRO MACHI","15","新潟県"
"15342","西蒲原郡弥彦村","NISHIKAMBARA GUN YAHIKO MURA","15","新潟県"
"15361","南蒲原郡田上町","MINAMIKAMBARA GUN TAGAMI MACHI","15","新潟県"
"15385","東蒲原郡阿賀町","HIGASHIKAMBARA GUN AGA MACHI","15","新潟県"
"15405","三島郡出雲崎町","SANTO GUN IZUMOZAKI MACHI","15","新潟県"
"15461","南魚沼郡湯沢町","MINAMIUONUMA GUN YUZAWA MACHI","15","新潟県"
"15482","中魚沼郡津南町","NAKAUONUMA GUN TSUNAN MACHI","15","新潟県"
"15504","刈羽郡刈羽村","KARIWA GUN KARIWA MURA","15","新潟県"
"15581","岩船郡関川村","IWAFUNE GUN SEKIKAWA MURA","15","新潟県"
"15586","岩船郡粟島浦村","IWAFUNE GUN AWASHIMAURA MURA","15","新潟県"
"16201","富山市","TOYAMA SHI","16","富山県"
"16202","高岡市","TAKAOKA SHI","16","富山県"
"16204","魚津市","UOZU SHI","16","富山県"
"16205","氷見市","HIMI SHI","16","富山県"
"16206","滑川市","NAMERIKAWA SHI","16","富山県"
"16207","黒部市","KUROBE SHI","16","富山県"
"16208","砺波市","TONAMI SHI","16","富山県"
"16209","小矢部市","OYABE SHI","16","富山県"
"16210","南砺市","NANTO SHI","16","富山県"
"16211","射水市","IMIZU SHI","16","富山県"
"16321","中新川郡舟橋村","NAKANIIKAWA GUN FUNAHASHI MURA","16","富山県"
"16322","中新川郡上市町","NAKANIIKAWA GUN KAMIICHI MACHI","16","富山県"
"16323","中新川郡立山町","NAKANIIKAWA GUN TATEYAMA MACHI","16","富山県"
"16342","下新川郡入善町","SHIMONIIKAWA GUN NYUZEN MACHI","16","富山県"
"16343","下新川郡朝日町","SHIMONIIKAWA GUN ASAHI MACHI","16","富山県"
"17201","金沢市","KANAZAWA SHI","17","石川県"
"17202","七尾市","NANAO SHI","17","石川県"
"17203","小松市","KOMATSU SHI","17","石川県"
"17204","輪島市","WAJIMA SHI","17","石川県"
"17205","珠洲市","SUZU SHI","17","石川県"
"17206","加賀市","KAGA SHI","17","石川県"
"17207","羽咋市","HAKUI SHI","17","石川県"
"17209","かほく市","KAHOKU SHI","17","石川県"
"17210","白山市","HAKUSAN SHI","17","石川県"
"17211","能美市","NOMI SHI","17","石川県"
"17212","野々市市","NONOICHI SHI","17","石川県"
"17324","能美郡川北町","NOMI GUN KAWAKITA MACHI","17","石川県"
"17361","河北郡津幡町","KAHOKU GUN TSUBATA MACHI","17","石川県"
"17365","河北郡内灘町","KAHOKU GUN UCHINADA MACHI","17","石川県"
"17384","羽咋郡志賀町","HAKUI GUN SHIKA MACHI","17","石川県"
"17386","羽咋郡宝達志水町","HAKUI GUN HODATSUSHIMIZU CHO","17","石川県"
"17407","鹿島郡中能登町","KASHIMA GUN NAKANOTO MACHI","17","石川県"
"17461","鳳珠郡穴水町","HOSU GUN ANAMIZU MACHI","17","石川県"
"17463","鳳珠郡能登町","HOSU GUN NOTO CHO","17","石川県"
"18201","福井市","FUKUI SHI","18","福井県"
"18202","敦賀市","TSURUGA SHI","18","福井県"
"18204","小浜市","OBAMA SHI","18","福井県"
"18205","大野市","ONO SHI","18","福井県"
"18206","勝山市","KATSUYAMA SHI","18","福井県"
"18207","鯖江市","SABAE SHI","18","福井県"
"18208","あわら市","AWARA SHI","18","福井県"
"18209","越前市","ECHIZEN SHI","18","福井県"
"18210","坂井市","SAKAI SHI","18","福井県"
"18322","吉田郡永平寺町","YOSHIDA GUN EIHEIJI CHO","18","福井県"
"18382","今立郡池田町","IMADATE GUN IKEDA CHO","18","福井県"
"18404","南条郡南越前町","NANJO GUN MINAMIECHIZEN CHO","18","福井県"
"18423","丹生郡越前町","NYU GUN ECHIZEN CHO","18","福井県"
"18442","三方郡美浜町","MIKATA GUN MIHAMA CHO","18","福井県"
"18481","大飯郡高浜町","OI GUN TAKAHAMA CHO","18","福井県"
"18483","大飯郡おおい町","OI GUN OI CHO","18","福井県"
"18501","三方上中郡若狭町","MIKATAKAMINAKA GUN WAKASA CHO","18","福井県"
"19201","甲府市","KOFU SHI","19","山梨県"
"19202","富士吉田市","FUJIYOSHIDA SHI","19","山梨県"
"19204","都留市","TSURU SHI","19","山梨県"
"19205","山梨市","YAMANASHI SHI","19","山梨県"
"19206","大月市","OTSUKI SHI","19","山梨県"
"19207","韮崎市","NIRASAKI SHI","19","山梨県"
"19208","南アルプス市","MINAMIARUPUSU SHI","19","山梨県"
"19209","北杜市","HOKUTO SHI","19","山梨県"
"19210","甲斐市","KAI SHI","19","山梨県"
"19211","笛吹市","FUEFUKI SHI","19","山梨県"
"19212","上野原市","UENOHARA SHI","19","山梨県"
"19213","甲州市","KOSHU SHI","19","山梨県"
"19214","中央市","CHUO SHI","19","山梨県"
"19346","西八代郡市川三郷町","NISHIYATSUSHIRO GUN ICHIKAWAMISATO","19","山梨県"
"19364","南巨摩郡早川町","MINAMIKOMA GUN HAYAKAWA CHO","19","山梨県"
"19365","南巨摩郡身延町","MINAMIKOMA GUN MINOBU CHO","19","山梨県"
"19366","南巨摩郡南部町","MINAMIKOMA GUN NAMBU CHO","19","山梨県"
"19368","南巨摩郡富士川町","MINAMIKOMA GUN FUJIKAWA CHO","19","山梨県"
"19384","中巨摩郡昭和町","NAKAKOMA GUN SHOWA CHO","19","山梨県"
"19422","南都留郡道志村","MINAMITSURU GUN DOSHI MURA","19","山梨県"
"19423","南都留郡西桂町","MINAMITSURU GUN NISHIKATSURA CHO","19","山梨県"
"19424","南都留郡忍野村","MINAMITSURU GUN OSHINO MURA","19","山梨県"
"19425","南都留郡山中湖村","MINAMITSURU GUN YAMANAKAKO MURA","19","山梨県"
"19429","南都留郡鳴沢村","MINAMITSURU GUN NARUSAWA MURA","19","山梨県"
"19430","南都留郡富士河口湖町","MINAMITSURU GUN FUJIKAWAGUCHIKO MAC","19","山梨県"
"19442","北都留郡小菅村","KITATSURU GUN KOSUGE MURA","19","山梨県"
"19443","北都留郡丹波山村","KITATSURU GUN TABAYAMA MURA","19","山梨県"
"20201","長野市","NAGANO SHI","20","長野県"
"20202","松本市","MATSUMOTO SHI","20","長野県"
"20203","上田市","UEDA SHI","20","長野県"
"20204","岡谷市","OKAYA SHI","20","長野県"
"20205","飯田市","IIDA SHI","20","長野県"
"20206","諏訪市","SUWA SHI","20","長野県"
"20207","須坂市","SUZAKA SHI","20","長野県"
"20208","小諸市","KOMORO SHI","20","長野県"
"20209","伊那市","INA SHI","20","長野県"
"20210","駒ヶ根市","KOMAGANE SHI","20","長野県"
"20211","中野市","NAKANO SHI","20","長野県"
"20212","大町市","OMACHI SHI","20","長野県"
"20213","飯山市","IIYAMA SHI","20","長野県"
"20214","茅野市","CHINO SHI","20","長野県"
"20215","塩尻市","SHIOJIRI SHI","20","長野県"
"20217","佐久市","SAKU SHI","20","長野県"
"20218","千曲市","CHIKUMA SHI","20","長野県"
"20219","東御市","TOMI SHI","20","長野県"
"20220","安曇野市","AZUMINO SHI","20","長野県"
"20303","南佐久郡小海町","MINAMISAKU GUN KOMI MACHI","20","長野県"
"20304","南佐久郡川上村","MINAMISAKU GUN KAWAKAMI MURA","20","長野県"
"20305","南佐久郡南牧村","MINAMISAKU GUN MINAMIMAKI MURA","20","長野県"
"20306","南佐久郡南相木村","MINAMISAKU GUN MINAMIAIKI MURA","20","長野県"
"20307","南佐久郡北相木村","MINAMISAKU GUN KITAAIKI MURA","20","長野県"
"20309","南佐久郡佐久穂町","MINAMISAKU GUN SAKUHO MACHI","20","長野県"
"20321","北佐久郡軽井沢町","KITASAKU GUN KARUIZAWA MACHI","20","長野県"
"20323","北佐久郡御代田町","KITASAKU GUN MIYOTA MACHI","20","長野県"
"20324","北佐久郡立科町","KITASAKU GUN TATESHINA MACHI","20","長野県"
"20349","小県郡青木村","CHIISAGATA GUN AOKI MURA","20","長野県"
"20350","小県郡長和町","CHIISAGATA GUN NAGAWA MACHI","20","長野県"
"20361","諏訪郡下諏訪町","SUWA GUN SHIMOSUWA MACHI","20","長野県"
"20362","諏訪郡富士見町","SUWA GUN FUJIMI MACHI","20","長野県"
"20363","諏訪郡原村","SUWA GUN HARA MURA","20","長野県"
"20382","上伊那郡辰野町","KAMIINA GUN TATSUNO MACHI","20","長野県"
"20383","上伊那郡箕輪町","KAMIINA GUN MINOWA MACHI","20","長野県"
"20384","上伊那郡飯島町","KAMIINA GUN IIJIMA MACHI","20","長野県"
"20385","上伊那郡南箕輪村","KAMIINA GUN MINAMIMINOWA MURA","20","長野県"
"20386","上伊那郡中川村","KAMIINA GUN NAKAGAWA MURA","20","長野県"
"20388","上伊那郡宮田村","KAMIINA GUN MIYADA MURA","20","長野県"
"20402","下伊那郡松川町","SHIMOINA GUN MATSUKAWA MACHI","20","長野県"
"20403","下伊那郡高森町","SHIMOINA GUN TAKAMORI MACHI","20","長野県"
"20404","下伊那郡阿南町","SHIMOINA GUN ANAN CHO","20","長野県"
"20407","下伊那郡阿智村","SHIMOINA GUN ACHI MURA","20","長野県"
"20409","下伊那郡平谷村","SHIMOINA GUN HIRAYA MURA","20","長野県"
"20410","下伊那郡根羽村","SHIMOINA GUN NEBA MURA","20","長野県"
"20411","下伊那郡下條村","SHIMOINA GUN SHIMOJO MURA","20","長野県"
"20412","下伊那郡売木村","SHIMOINA GUN URUGI MURA","20","長野県"
"20413","下伊那郡天龍村","SHIMOINA GUN TENRYU MURA","20","長野県"
"20414","下伊那郡泰阜村","SHIMOINA GUN YASUOKA MURA","20","長野県"
"20415","下伊那郡喬木村","SHIMOINA GUN TAKAGI MURA","20","長野県"
"20416","下伊那郡豊丘村","SHIMOINA GUN TOYOKA MURA","20","長野県"
"20417","下伊那郡大鹿村","SHIMOINA GUN OSHIKA MURA","20","長野県"
"20422","木曽郡上松町","KISO GUN AGEMATSU MACHI","20","長野県"
"20423","木曽郡南木曽町","KISO GUN NAGISO MACHI","20","長野県"
"20425","木曽郡木祖村","KISO GUN KISO MURA","20","長野県"
"20429","木曽郡王滝村","KISO GUN OTAKI MURA","20","長野県"
"20430","木曽郡大桑村","KISO GUN OKUWA MURA","20","長野県"
"20432","木曽郡木曽町","KISO GUN KISO MACHI","20","長野県"
"20446","東筑摩郡麻績村","HIGASHICHIKUMA GUN OMI MURA","20","長野県"
"20448","東筑摩郡生坂村","HIGASHICHIKUMA GUN IKUSAKA MURA","20","長野県"
"20450","東筑摩郡山形村","HIGASHICHIKUMA GUN YAMAGATA MURA","20","長野県"
"20451","東筑摩郡朝日村","HIGASHICHIKUMA GUN ASAHI MURA","20","長野県"
"20452","東筑摩郡筑北村","HIGASHICHIKUMA GUN CHIKUHOKU MURA","20","長野県"
"20481","北安曇郡池田町","KITAAZUMI GUN IKEDA MACHI","20","長野県"
"20482","北安曇郡松川村","KITAAZUMI GUN MATSUKAWA MURA","20","長野県"
"20485","北安曇郡白馬村","KITAAZUMI GUN HAKUBA MURA","20","長野県"
"20486","北安曇郡小谷村","KITAAZUMI GUN OTARI MURA","20","長野県"
"20521","埴科郡坂城町","HANISHINA GUN SAKAKI MACHI","20","長野県"
"20541","上高井郡小布施町","KAMITAKAI GUN OBUSE MACHI","20","長野県"
"20543","上高井郡高山村","KAMITAKAI GUN TAKAYAMA MURA","20","長野県"
"20561","下高井郡山ノ内町","SHIMOTAKAI GUN YAMANOCHI MACHI","20","長野県"
"20562","下高井郡木島平村","SHIMOTAKAI GUN KIJIMADAIRA MURA","20","長野県"
"20563","下高井郡野沢温泉村","SHIMOTAKAI GUN NOZAWAONSEN MURA","20","長野県"
"20583","上水内郡信濃町","KAMIMINOCHI GUN SHINANO MACHI","20","長野県"
"20588","上水内郡小川村","KAMIMINOCHI GUN OGAWA MURA","20","長野県"
"20590","上水内郡飯綱町","KAMIMINOCHI GUN IIZUNA MACHI","20","長野県"
"20602","下水内郡栄村","SHIMOMINOCHI GUN SAKAE MURA","20","長野県"
"21201","岐阜市","GIFU SHI","21","岐阜県"
"21202","大垣市","OGAKI SHI","21","岐阜県"
"21203","高山市","TAKAYAMA SHI","21","岐阜県"
"21204","多治見市","TAJIMI SHI","21","岐阜県"
"21205","関市","SEKI SHI","21","岐阜県"
"21206","中津川市","NAKATSUGAWA SHI","21","岐阜県"
"21207","美濃市","MINO SHI","21","岐阜県"
"21208","瑞浪市","MIZUNAMI SHI","21","岐阜県"
"21209","羽島市","HASHIMA SHI","21","岐阜県"
"21210","恵那市","ENA SHI","21","岐阜県"
"21211","美濃加茂市","MINOKAMO SHI","21","岐阜県"
"21212","土岐市","TOKI SHI","21","岐阜県"
"21213","各務原市","KAKAMIGAHARA SHI","21","岐阜県"
"21214","可児市","KANI SHI","21","岐阜県"
"21215","山県市","YAMAGATA SHI","21","岐阜県"
"21216","瑞穂市","MIZUHO SHI","21","岐阜県"
"21217","飛騨市","HIDA SHI","21","岐阜県"
"21218","本巣市","MOTOSU SHI","21","岐阜県"
"21219","郡上市","GUJO SHI","21","岐阜県"
"21220","下呂市","GERO SHI","21","岐阜県"
"21221","海津市","KAIZU SHI","21","岐阜県"
"21302","羽島郡岐南町","HASHIMA GUN GINAN CHO","21","岐阜県"
"21303","羽島郡笠松町","HASHIMA GUN KASAMATSU CHO","21","岐阜県"
"21341","養老郡養老町","YORO GUN YORO CHO","21","岐阜県"
"21361","不破郡垂井町","FUWA GUN TARUI CHO","21","岐阜県"
"21362","不破郡関ケ原町","FUWA GUN SEKIGAHARA CHO","21","岐阜県"
"21381","安八郡神戸町","AMPACHI GUN GODO CHO","21","岐阜県"
"21382","安八郡輪之内町","AMPACHI GUN WANOCHI CHO","21","岐阜県"
"21383","安八郡安八町","AMPACHI GUN AMPACHI CHO","21","岐阜県"
"21401","揖斐郡揖斐川町","IBI GUN IBIGAWA CHO","21","岐阜県"
"21403","揖斐郡大野町","IBI GUN ONO CHO","21","岐阜県"
"21404","揖斐郡池田町","IBI GUN IKEDA CHO","21","岐阜県"
"21421","本巣郡北方町","MOTOSU GUN KITAGATA CHO","21","岐阜県"
"21501","加茂郡坂祝町","KAMO GUN SAKAHOGI CHO","21","岐阜県"
"21502","加茂郡富加町","KAMO GUN TOMIKA CHO","21","岐阜県"
"21503","加茂郡川辺町","KAMO GUN KAWABE CHO","21","岐阜県"
"21504","加茂郡七宗町","KAMO GUN HICHISO CHO","21","岐阜県"
"21505","加茂郡八百津町","KAMO GUN YAOTSU CHO","21","岐阜県"
"21506","加茂郡白川町","KAMO GUN SHIRAKAWA CHO","21","岐阜県"
"21507","加茂郡東白川村","KAMO GUN HIGASHISHIRAKAWA MURA","21","岐阜県"
"21521","可児郡御嵩町","KANI GUN MITAKE CHO","21","岐阜県"
"21604","大野郡白川村","ONO GUN SHIRAKAWA MURA","21","岐阜県"
"22101","静岡市葵区","SHIZUOKA SHI AOI KU","22","静岡県"
"22102","静岡市駿河区","SHIZUOKA SHI SURUGA KU","22","静岡県"
"22103","静岡市清水区","SHIZUOKA SHI SHIMIZU KU","22","静岡県"
"22131","浜松市中区","HAMAMATSU SHI NAKA KU","22","静岡県"
"22132","浜松市東区","HAMAMATSU SHI HIGASHI KU","22","静岡県"
"22133","浜松市西区","HAMAMATSU SHI NISHI KU","22","静岡県"
"22134","浜松市南区","HAMAMATSU SHI MINAMI KU","22","静岡県"
"22135","浜松市北区","HAMAMATSU SHI KITA KU","22","静岡県"
"22136","浜松市浜北区","HAMAMATSU SHI HAMAKITA KU","22","静岡県"
"22137","浜松市天竜区","HAMAMATSU SHI TENRYU KU","22","静岡県"
"22203","沼津市","NUMAZU SHI","22","静岡県"
"22205","熱海市","ATAMI SHI","22","静岡県"
"22206","三島市","MISHIMA SHI","22","静岡県"
"22207","富士宮市","FUJINOMIYA SHI","22","静岡県"
"22208","伊東市","ITO SHI","22","静岡県"
"22209","島田市","SHIMADA SHI","22","静岡県"
"22210","富士市","FUJI SHI","22","静岡県"
"22211","磐田市","IWATA SHI","22","静岡県"
"22212","焼津市","YAIZU SHI","22","静岡県"
"22213","掛川市","KAKEGAWA SHI","22","静岡県"
"22214","藤枝市","FUJIEDA SHI","22","静岡県"
"22215","御殿場市","GOTEMBA SHI","22","静岡県"
"22216","袋井市","FUKUROI SHI","22","静岡県"
"22219","下田市","SHIMODA SHI","22","静岡県"
"22220","裾野市","SUSONO SHI","22","静岡県"
"22221","湖西市","KOSAI SHI","22","静岡県"
"22222","伊豆市","IZU SHI","22","静岡県"
"22223","御前崎市","OMAEZAKI SHI","22","静岡県"
"22224","菊川市","KIKUGAWA SHI","22","静岡県"
"22225","伊豆の国市","IZUNOKUNI SHI","22","静岡県"
"22226","牧之原市","MAKINOHARA SHI","22","静岡県"
"22301","賀茂郡東伊豆町","KAMO GUN HIGASHIIZU CHO","22","静岡県"
"22302","賀茂郡河津町","KAMO GUN KAWAZU CHO","22","静岡県"
"22304","賀茂郡南伊豆町","KAMO GUN MINAMIIZU CHO","22","静岡県"
"22305","賀茂郡松崎町","KAMO GUN MATSUZAKI CHO","22","静岡県"
"22306","賀茂郡西伊豆町","KAMO GUN NISHIIZU CHO","22","静岡県"
"22325","田方郡函南町","TAGATA GUN KANNAMI CHO","22","静岡県"
"22341","駿東郡清水町","SUNTO GUN SHIMIZU CHO","22","静岡県"
"22342","駿東郡長泉町","SUNTO GUN NAGAIZUMI CHO","22","静岡県"
"22344","駿東郡小山町","SUNTO GUN OYAMA CHO","22","静岡県"
"22424","榛原郡吉田町","HAIBARA GUN YOSHIDA CHO","22","静岡県"
"22429","榛原郡川根本町","HAIBARA GUN KAWANEHON CHO","22","静岡県"
"22461","周智郡森町","SHUCHI GUN MORI MACHI","22","静岡県"
"23101","名古屋市千種区","NAGOYA SHI CHIKUSA KU","23","愛知県"
"23102","名古屋市東区","NAGOYA SHI HIGASHI KU","23","愛知県"
"23103","名古屋市北区","NAGOYA SHI KITA KU","23","愛知県"
"23104","名古屋市西区","NAGOYA SHI NISHI KU","23","愛知県"
"23105","名古屋市中村区","NAGOYA SHI NAKAMURA KU","23","愛知県"
"23106","名古屋市中区","NAGOYA SHI NAKA KU","23","愛知県"
"23107","名古屋市昭和区","NAGOYA SHI SHOWA KU","23","愛知県"
"23108","名古屋市瑞穂区","NAGOYA SHI MIZUHO KU","23","愛知県"
"23109","名古屋市熱田区","NAGOYA SHI ATSUTA KU","23","愛知県"
"23110","名古屋市中川区","NAGOYA SHI NAKAGAWA KU","23","愛知県"
"23111","名古屋市港区","NAGOYA SHI MINATO KU","23","愛知県"
"23112","名古屋市南区","NAGOYA SHI MINAMI KU","23","愛知県"
"23113","名古屋市守山区","NAGOYA SHI MORIYAMA KU","23","愛知県"
"23114","名古屋市緑区","NAGOYA SHI MIDORI KU","23","愛知県"
"23115","名古屋市名東区","NAGOYA SHI MEITO KU","23","愛知県"
"23116","名古屋市天白区","NAGOYA SHI TEMPAKU KU","23","愛知県"
"23201","豊橋市","TOYOHASHI SHI","23","愛知県"
"23202","岡崎市","OKAZAKI SHI","23","愛知県"
"23203","一宮市","ICHINOMIYA SHI","23","愛知県"
"23204","瀬戸市","SETO SHI","23","愛知県"
"23205","半田市","HANDA SHI","23","愛知県"
"23206","春日井市","KASUGAI SHI","23","愛知県"
"23207","豊川市","TOYOKAWA SHI","23","愛知県"
"23208","津島市","TSUSHIMA SHI","23","愛知県"
"23209","碧南市","HEKINAN SHI","23","愛知県"
"23210","刈谷市","KARIYA SHI","23","愛知県"
"23211","豊田市","TOYOTA SHI","23","愛知県"
"23212","安城市","ANJO SHI","23","愛知県"
"23213","西尾市","NISHIO SHI","23","愛知県"
"23214","蒲郡市","GAMAGORI SHI","23","愛知県"
"23215","犬山市","INUYAMA SHI","23","愛知県"
"23216","常滑市","TOKONAME SHI","23","愛知県"
"23217","江南市","KONAN SHI","23","愛知県"
"23219","小牧市","KOMAKI SHI","23","愛知県"
"23220","稲沢市","INAZAWA SHI","23","愛知県"
"23221","新城市","SHINSHIRO SHI","23","愛知県"
"23222","東海市","TOKAI SHI","23","愛知県"
"23223","大府市","OBU SHI","23","愛知県"
"23224","知多市","CHITA SHI","23","愛知県"
"23225","知立市","CHIRYU SHI","23","愛知県"
"23226","尾張旭市","OWARIASAHI SHI","23","愛知県"
"23227","高浜市","TAKAHAMA SHI","23","愛知県"
"23228","岩倉市","IWAKURA SHI","23","愛知県"
"23229","豊明市","TOYOAKE SHI","23","愛知県"
"23230","日進市","NISSHIN SHI","23","愛知県"
"23231","田原市","TAHARA SHI","23","愛知県"
"23232","愛西市","AISAI SHI","23","愛知県"
"23233","清須市","KIYOSU SHI","23","愛知県"
"23234","北名古屋市","KITANAGOYA SHI","23","愛知県"
"23235","弥富市","YATOMI SHI","23","愛知県"
"23236","みよし市","MIYOSHI SHI","23","愛知県"
"23237","あま市","AMA SHI","23","愛知県"
"23238","長久手市","NAGAKUTE SHI","23","愛知県"
"23302","愛知郡東郷町","AICHI GUN TOGO CHO","23","愛知県"
"23342","西春日井郡豊山町","NISHIKASUGAI GUN TOYOYAMA CHO","23","愛知県"
"23361","丹羽郡大口町","NIWA GUN OGUCHI CHO","23","愛知県"
"23362","丹羽郡扶桑町","NIWA GUN FUSO CHO","23","愛知県"
"23424","海部郡大治町","AMA GUN OHARU CHO","23","愛知県"
"23425","海部郡蟹江町","AMA GUN KANIE CHO","23","愛知県"
"23427","海部郡飛島村","AMA GUN TOBISHIMA MURA","23","愛知県"
"23441","知多郡阿久比町","CHITA GUN AGUI CHO","23","愛知県"
"23442","知多郡東浦町","CHITA GUN HIGASHIURA CHO","23","愛知県"
"23445","知多郡南知多町","CHITA GUN MINAMICHITA CHO","23","愛知県"
"23446","知多郡美浜町","CHITA GUN MIHAMA CHO","23","愛知県"
"23447","知多郡武豊町","CHITA GUN TAKETOYO CHO","23","愛知県"
"23501","額田郡幸田町","NUKATA GUN KOTA CHO","23","愛知県"
"23561","北設楽郡設楽町","KITASHITARA GUN SHITARA CHO","23","愛知県"
"23562","北設楽郡東栄町","KITASHITARA GUN TOEI CHO","23","愛知県"
"23563","北設楽郡豊根村","KITASHITARA GUN TOYONE MURA","23","愛知県"
"24201","津市","TSU SHI","24","三重県"
"24202","四日市市","YOKKAICHI SHI","24","三重県"
"24203","伊勢市","ISE SHI","24","三重県"
"24204","松阪市","MATSUSAKA SHI","24","三重県"
"24205","桑名市","KUWANA SHI","24","三重県"
"24207","鈴鹿市","SUZUKA SHI","24","三重県"
"24208","名張市","NABARI SHI","24","三重県"
"24209","尾鷲市","OWASE SHI","24","三重県"
"24210","亀山市","KAMEYAMA SHI","24","三重県"
"24211","鳥羽市","TOBA SHI","24","三重県"
"24212","熊野市","KUMANO SHI","24","三重県"
"24214","いなべ市","INABE SHI","24","三重県"
"24215","志摩市","SHIMA SHI","24","三重県"
"24216","伊賀市","IGA SHI","24","三重県"
"24303","桑名郡木曽岬町","KUWANA GUN KISOSAKI CHO","24","三重県"
"24324","員弁郡東員町","INABE GUN TOIN CHO","24","三重県"
"24341","三重郡菰野町","MIE GUN KOMONO CHO","24","三重県"
"24343","三重郡朝日町","MIE GUN ASAHI CHO","24","三重県"
"24344","三重郡川越町","MIE GUN KAWAGOE CHO","24","三重県"
"24441","多気郡多気町","TAKI GUN TAKI CHO","24","三重県"
"24442","多気郡明和町","TAKI GUN MEIWA CHO","24","三重県"
"24443","多気郡大台町","TAKI GUN ODAI CHO","24","三重県"
"24461","度会郡玉城町","WATARAI GUN TAMAKI CHO","24","三重県"
"24470","度会郡度会町","WATARAI GUN WATARAI CHO","24","三重県"
"24471","度会郡大紀町","WATARAI GUN TAIKI CHO","24","三重県"
"24472","度会郡南伊勢町","WATARAI GUN MINAMIISE CHO","24","三重県"
"24543","北牟婁郡紀北町","KITAMURO GUN KIHOKU CHO","24","三重県"
"24561","南牟婁郡御浜町","MINAMIMURO GUN MIHAMA CHO","24","三重県"
"24562","南牟婁郡紀宝町","MINAMIMURO GUN KIHO CHO","24","三重県"
"25201","大津市","OTSU SHI","25","滋賀県"
"25202","彦根市","HIKONE SHI","25","滋賀県"
"25203","長浜市","NAGAHAMA SHI","25","滋賀県"
"25204","近江八幡市","OMIHACHIMAN SHI","25","滋賀県"
"25206","草津市","KUSATSU SHI","25","滋賀県"
"25207","守山市","MORIYAMA SHI","25","滋賀県"
"25208","栗東市","RITTO SHI","25","滋賀県"
"25209","甲賀市","KOKA SHI","25","滋賀県"
"25210","野洲市","YASU SHI","25","滋賀県"
"25211","湖南市","KONAN SHI","25","滋賀県"
"25212","高島市","TAKASHIMA SHI","25","滋賀県"
"25213","東近江市","HIGASHIOMI SHI","25","滋賀県"
"25214","米原市","MAIBARA SHI","25","滋賀県"
"25383","蒲生郡日野町","GAMO GUN HINO CHO","25","滋賀県"
"25384","蒲生郡竜王町","GAMO GUN RYUO CHO","25","滋賀県"
"25425","愛知郡愛荘町","ECHI GUN AISHO CHO","25","滋賀県"
"25441","犬上郡豊郷町","INUKAMI GUN TOYOSATO CHO","25","滋賀県"
"25442","犬上郡甲良町","INUKAMI GUN KORA CHO","25","滋賀県"
"25443","犬上郡多賀町","INUKAMI GUN TAGA CHO","25","滋賀県"
"26101","京都市北区","KYOTO SHI KITA KU","26","京都府"
"26102","京都市上京区","KYOTO SHI KAMIGYO KU","26","京都府"
"26103","京都市左京区","KYOTO SHI SAKYO KU","26","京都府"
"26104","京都市中京区","KYOTO SHI NAKAGYO KU","26","京都府"
"26105","京都市東山区","KYOTO SHI HIGASHIYAMA KU","26","京都府"
"26106","京都市下京区","KYOTO SHI SHIMOGYO KU","26","京都府"
"26107","京都市南区","KYOTO SHI MINAMI KU","26","京都府"
"26108","京都市右京区","KYOTO SHI UKYO KU","26","京都府"
"26109","京都市伏見区","KYOTO SHI FUSHIMI KU","26","京都府"
"26110","京都市山科区","KYOTO SHI YAMASHINA KU","26","京都府"
"26111","京都市西京区","KYOTO SHI NISHIKYO KU","26","京都府"
"26201","福知山市","FUKUCHIYAMA SHI","26","京都府"
"26202","舞鶴市","MAIZURU SHI","26","京都府"
"26203","綾部市","AYABE SHI","26","京都府"
"26204","宇治市","UJI SHI","26","京都府"
"26205","宮津市","MIYAZU SHI","26","京都府"
"26206","亀岡市","KAMEOKA SHI","26","京都府"
"26207","城陽市","JOYO SHI","26","京都府"
"26208","向日市","MUKO SHI","26","京都府"
"26209","長岡京市","NAGAOKAKYO SHI","26","京都府"
"26210","八幡市","YAWATA SHI","26","京都府"
"26211","京田辺市","KYOTANABE SHI","26","京都府"
"26212","京丹後市","KYOTANGO SHI","26","京都府"
"26213","南丹市","NANTAN SHI","26","京都府"
"26214","木津川市","KIZUGAWA SHI","26","京都府"
"26303","乙訓郡大山崎町","OTOKUNI GUN OYAMAZAKI CHO","26","京都府"
"26322","久世郡久御山町","KUSE GUN KUMIYAMA CHO","26","京都府"
"26343","綴喜郡井手町","TSUZUKI GUN IDE CHO","26","京都府"
"26344","綴喜郡宇治田原町","TSUZUKI GUN UJITAWARA CHO","26","京都府"
"26364","相楽郡笠置町","SORAKU GUN KASAGI CHO","26","京都府"
"26365","相楽郡和束町","SORAKU GUN WAZUKA CHO","26","京都府"
"26366","相楽郡精華町","SORAKU GUN SEIKA CHO","26","京都府"
"26367","相楽郡南山城村","SORAKU GUN MINAMIYAMASHIRO MURA","26","京都府"
"26407","船井郡京丹波町","FUNAI GUN KYOTAMBA CHO","26","京都府"
"26463","与謝郡伊根町","YOSA GUN INE CHO","26","京都府"
"26465","与謝郡与謝野町","YOSA GUN YOSANO CHO","26","京都府"
"27102","大阪市都島区","OSAKA SHI MIYAKOJIMA KU","27","大阪府"
"27103","大阪市福島区","OSAKA SHI FUKUSHIMA KU","27","大阪府"
"27104","大阪市此花区","OSAKA SHI KONOHANA KU","27","大阪府"
"27106","大阪市西区","OSAKA SHI NISHI KU","27","大阪府"
"27107","大阪市港区","OSAKA SHI MINATO KU","27","大阪府"
"27108","大阪市大正区","OSAKA SHI TAISHO KU","27","大阪府"
"27109","大阪市天王寺区","OSAKA SHI TENNOJI KU","27","大阪府"
"27111","大阪市浪速区","OSAKA SHI NANIWA KU","27","大阪府"
"27113","大阪市西淀川区","OSAKA SHI NISHIYODOGAWA KU","27","大阪府"
"27114","大阪市東淀川区","OSAKA SHI HIGASHIYODOGAWA KU","27","大阪府"
"27115","大阪市東成区","OSAKA SHI HIGASHINARI KU","27","大阪府"
"27116","大阪市生野区","OSAKA SHI IKUNO KU","27","大阪府"
"27117","大阪市旭区","OSAKA SHI ASAHI KU","27","大阪府"
"27118","大阪市城東区","OSAKA SHI JOTO KU","27","大阪府"
"27119","大阪市阿倍野区","OSAKA SHI ABENO KU","27","大阪府"
"27120","大阪市住吉区","OSAKA SHI SUMIYOSHI KU","27","大阪府"
"27121","大阪市東住吉区","OSAKA SHI HIGASHISUMIYOSHI KU","27","大阪府"
"27122","大阪市西成区","OSAKA SHI NISHINARI KU","27","大阪府"
"27123","大阪市淀川区","OSAKA SHI YODOGAWA KU","27","大阪府"
"27124","大阪市鶴見区","OSAKA SHI TSURUMI KU","27","大阪府"
"27125","大阪市住之江区","OSAKA SHI SUMINOE KU","27","大阪府"
"27126","大阪市平野区","OSAKA SHI HIRANO KU","27","大阪府"
"27127","大阪市北区","OSAKA SHI KITA KU","27","大阪府"
"27128","大阪市中央区","OSAKA SHI CHUO KU","27","大阪府"
"27141","堺市堺区","SAKAI SHI SAKAI KU","27","大阪府"
"27142","堺市中区","SAKAI SHI NAKA KU","27","大阪府"
"27143","堺市東区","SAKAI SHI HIGASHI KU","27","大阪府"
"27144","堺市西区","SAKAI SHI NISHI KU","27","大阪府"
"27145","堺市南区","SAKAI SHI MINAMI KU","27","大阪府"
"27146","堺市北区","SAKAI SHI KITA KU","27","大阪府"
"27147","堺市美原区","SAKAI SHI MIHARA KU","27","大阪府"
"27202","岸和田市","KISHIWADA SHI","27","大阪府"
"27203","豊中市","TOYONAKA SHI","27","大阪府"
"27204","池田市","IKEDA SHI","27","大阪府"
"27205","吹田市","SUITA SHI","27","大阪府"
"27206","泉大津市","IZUMIOTSU SHI","27","大阪府"
"27207","高槻市","TAKATSUKI SHI","27","大阪府"
"27208","貝塚市","KAIZUKA SHI","27","大阪府"
"27209","守口市","MORIGUCHI SHI","27","大阪府"
"27210","枚方市","HIRAKATA SHI","27","大阪府"
"27211","茨木市","IBARAKI SHI","27","大阪府"
"27212","八尾市","YAO SHI","27","大阪府"
"27213","泉佐野市","IZUMISANO SHI","27","大阪府"
"27214","富田林市","TONDABAYASHI SHI","27","大阪府"
"27215","寝屋川市","NEYAGAWA SHI","27","大阪府"
"27216","河内長野市","KAWACHINAGANO SHI","27","大阪府"
"27217","松原市","MATSUBARA SHI","27","大阪府"
"27218","大東市","DAITO SHI","27","大阪府"
"27219","和泉市","IZUMI SHI","27","大阪府"
"27220","箕面市","MINO SHI","27","大阪府"
"27221","柏原市","KASHIWARA SHI","27","大阪府"
"27222","羽曳野市","HABIKINO SHI","27","大阪府"
"27223","門真市","KADOMA SHI","27","大阪府"
"27224","摂津市","SETTSU SHI","27","大阪府"
"27225","高石市","TAKAISHI SHI","27","大阪府"
"27226","藤井寺市","FUJIIDERA SHI","27","大阪府"
"27227","東大阪市","HIGASHIOSAKA SHI","27","大阪府"
"27228","泉南市","SENNAN SHI","27","大阪府"
"27229","四條畷市","SHIJONAWATE SHI","27","大阪府"
"27230","交野市","KATANO SHI","27","大阪府"
"27231","大阪狭山市","OSAKASAYAMA SHI","27","大阪府"
"27232","阪南市","HANNAN SHI","27","大阪府"
"27301","三島郡島本町","MISHIMA GUN SHIMAMOTO CHO","27","大阪府"
"27321","豊能郡豊能町","TOYONO GUN TOYONO CHO","27","大阪府"
"27322","豊能郡能勢町","TOYONO GUN NOSE CHO","27","大阪府"
"27341","泉北郡忠岡町","SEMBOKU GUN TADAOKA CHO","27","大阪府"
"27361","泉南郡熊取町","SENNAN GUN KUMATORI CHO","27","大阪府"
"27362","泉南郡田尻町","SENNAN GUN TAJIRI CHO","27","大阪府"
"27366","泉南郡岬町","SENNAN GUN MISAKI CHO","27","大阪府"
"27381","南河内郡太子町","MINAMIKAWACHI GUN TAISHI CHO","27","大阪府"
"27382","南河内郡河南町","MINAMIKAWACHI GUN KANAN CHO","27","大阪府"
"27383","南河内郡千早赤阪村","MINAMIKAWACHI GUN CHIHAYAAKASAKA MU","27","大阪府"
"28101","神戸市東灘区","KOBE SHI HIGASHINADA KU","28","兵庫県"
"28102","神戸市灘区","KOBE SHI NADA KU","28","兵庫県"
"28105","神戸市兵庫区","KOBE SHI HYOGO KU","28","兵庫県"
"28106","神戸市長田区","KOBE SHI NAGATA KU","28","兵庫県"
"28107","神戸市須磨区","KOBE SHI SUMA KU","28","兵庫県"
"28108","神戸市垂水区","KOBE SHI TARUMI KU","28","兵庫県"
"28109","神戸市北区","KOBE SHI KITA KU","28","兵庫県"
"28110","神戸市中央区","KOBE SHI CHUO KU","28","兵庫県"
"28111","神戸市西区","KOBE SHI NISHI KU","28","兵庫県"
"28201","姫路市","HIMEJI SHI","28","兵庫県"
"28202","尼崎市","AMAGASAKI SHI","28","兵庫県"
"28203","明石市","AKASHI SHI","28","兵庫県"
"28204","西宮市","NISHINOMIYA SHI","28","兵庫県"
"28205","洲本市","SUMOTO SHI","28","兵庫県"
"28206","芦屋市","ASHIYA SHI","28","兵庫県"
"28207","伊丹市","ITAMI SHI","28","兵庫県"
"28208","相生市","AIOI SHI","28","兵庫県"
"28209","豊岡市","TOYOKA SHI","28","兵庫県"
"28210","加古川市","KAKOGAWA SHI","28","兵庫県"
"28212","赤穂市","AKO SHI","28","兵庫県"
"28213","西脇市","NISHIWAKI SHI","28","兵庫県"
"28214","宝塚市","TAKARAZUKA SHI","28","兵庫県"
"28215","三木市","MIKI SHI","28","兵庫県"
"28216","高砂市","TAKASAGO SHI","28","兵庫県"
"28217","川西市","KAWANISHI SHI","28","兵庫県"
"28218","小野市","ONO SHI","28","兵庫県"
"28219","三田市","SANDA SHI","28","兵庫県"
"28220","加西市","KASAI SHI","28","兵庫県"
"28221","丹波篠山市","TAMBASASAYAMA SHI","28","兵庫県"
"28222","養父市","YABU SHI","28","兵庫県"
"28223","丹波市","TAMBA SHI","28","兵庫県"
"28224","南あわじ市","MINAMIAWAJI SHI","28","兵庫県"
"28225","朝来市","ASAGO SHI","28","兵庫県"
"28226","淡路市","AWAJI SHI","28","兵庫県"
"28227","宍粟市","SHISO SHI","28","兵庫県"
"28228","加東市","KATO SHI","28","兵庫県"
"28229","たつの市","TATSUNO SHI","28","兵庫県"
"28301","川辺郡猪名川町","KAWABE GUN INAGAWA CHO","28","兵庫県"
"28365","多可郡多可町","TAKA GUN TAKA CHO","28","兵庫県"
"28381","加古郡稲美町","KAKO GUN INAMI CHO","28","兵庫県"
"28382","加古郡播磨町","KAKO GUN HARIMA CHO","28","兵庫県"
"28442","神崎郡市川町","KANZAKI GUN ICHIKAWA CHO","28","兵庫県"
"28443","神崎郡福崎町","KANZAKI GUN FUKUSAKI CHO","28","兵庫県"
"28446","神崎郡神河町","KANZAKI GUN KAMIKAWA CHO","28","兵庫県"
"28464","揖保郡太子町","IBO GUN TAISHI CHO","28","兵庫県"
"28481","赤穂郡上郡町","AKO GUN KAMIGORI CHO","28","兵庫県"
"28501","佐用郡佐用町","SAYO GUN SAYO CHO","28","兵庫県"
"28585","美方郡香美町","MIKATA GUN KAMI CHO","28","兵庫県"
"28586","美方郡新温泉町","MIKATA GUN SHINONSEN CHO","28","兵庫県"
"29201","奈良市","NARA SHI","29","奈良県"
"29202","大和高田市","YAMATOTAKADA SHI","29","奈良県"
"29203","大和郡山市","YAMATOKORIYAMA SHI","29","奈良県"
"29204","天理市","TENRI SHI","29","奈良県"
"29205","橿原市","KASHIHARA SHI","29","奈良県"
"29206","桜井市","SAKURAI SHI","29","奈良県"
"29207","五條市","GOJO SHI","29","奈良県"
"29208","御所市","GOSE SHI","29","奈良県"
"29209","生駒市","IKOMA SHI","29","奈良県"
"29210","香芝市","KASHIBA SHI","29","奈良県"
"29211","葛城市","KATSURAGI SHI","29","奈良県"
"29212","宇陀市","UDA SHI","29","奈良県"
"29322","山辺郡山添村","YAMABE GUN YAMAZOE MURA","29","奈良県"
"29342","生駒郡平群町","IKOMA GUN HEGURI CHO","29","奈良県"
"29343","生駒郡三郷町","IKOMA GUN SANGO CHO","29","奈良県"
"29344","生駒郡斑鳩町","IKOMA GUN IKARUGA CHO","29","奈良県"
"29345","生駒郡安堵町","IKOMA GUN ANDO CHO","29","奈良県"
"29361","磯城郡川西町","SHIKI GUN KAWANISHI CHO","29","奈良県"
"29362","磯城郡三宅町","SHIKI GUN MIYAKE CHO","29","奈良県"
"29363","磯城郡田原本町","SHIKI GUN TAWARAMOTO CHO","29","奈良県"
"29385","宇陀郡曽爾村","UDA GUN SONI MURA","29","奈良県"
"29386","宇陀郡御杖村","UDA GUN MITSUE MURA","29","奈良県"
"29401","高市郡高取町","TAKAICHI GUN TAKATORI CHO","29","奈良県"
"29402","高市郡明日香村","TAKAICHI GUN ASUKA MURA","29","奈良県"
"29424","北葛城郡上牧町","KITAKATSURAGI GUN KAMMAKI CHO","29","奈良県"
"29425","北葛城郡王寺町","KITAKATSURAGI GUN OJI CHO","29","奈良県"
"29426","北葛城郡広陵町","KITAKATSURAGI GUN KORYO CHO","29","奈良県"
"29427","北葛城郡河合町","KITAKATSURAGI GUN KAWAI CHO","29","奈良県"
"29441","吉野郡吉野町","YOSHINO GUN YOSHINO CHO","29","奈良県"
"29442","吉野郡大淀町","YOSHINO GUN OYODO CHO","29","奈良県"
"29443","吉野郡下市町","YOSHINO GUN SHIMOICHI CHO","29","奈良県"
"29444","吉野郡黒滝村","YOSHINO GUN KUROTAKI MURA","29","奈良県"
"29446","吉野郡天川村","YOSHINO GUN TENKAWA MURA","29","奈良県"
"29447","吉野郡野迫川村","YOSHINO GUN NOSEGAWA MURA","29","奈良県"
"29449","吉野郡十津川村","YOSHINO GUN TOTSUKAWA MURA","29","奈良県"
"29450","吉野郡下北山村","YOSHINO GUN SHIMOKITAYAMA MURA","29","奈良県"
"29451","吉野郡上北山村","YOSHINO GUN KAMIKITAYAMA MURA","29","奈良県"
"29452","吉野郡川上村","YOSHINO GUN KAWAKAMI MURA","29","奈良県"
"29453","吉野郡東吉野村","YOSHINO GUN HIGASHIYOSHINO MURA","29","奈良県"
"30201","和歌山市","WAKAYAMA SHI","30","和歌山県"
"30202","海南市","KAINAN SHI","30","和歌山県"
"30203","橋本市","HASHIMOTO SHI","30","和歌山県"
"30204","有田市","ARIDA SHI","30","和歌山県"
"30205","御坊市","GOBO SHI","30","和歌山県"
"30206","田辺市","TANABE SHI","30","和歌山県"
"30207","新宮市","SHINGU SHI","30","和歌山県"
"30208","紀の川市","KINOKAWA SHI","30","和歌山県"
"30209","岩出市","IWADE SHI","30","和歌山県"
"30304","海草郡紀美野町","KAISO GUN KIMINO CHO","30","和歌山県"
"30341","伊都郡かつらぎ町","ITO GUN KATSURAGI CHO","30","和歌山県"
"30343","伊都郡九度山町","ITO GUN KUDOYAMA CHO","30","和歌山県"
"30344","伊都郡高野町","ITO GUN KOYA CHO","30","和歌山県"
"30361","有田郡湯浅町","ARIDA GUN YUASA CHO","30","和歌山県"
"30362","有田郡広川町","ARIDA GUN HIROGAWA CHO","30","和歌山県"
"30366","有田郡有田川町","ARIDA GUN ARIDAGAWA CHO","30","和歌山県"
"30381","日高郡美浜町","HIDAKA GUN MIHAMA CHO","30","和歌山県"
"30382","日高郡日高町","HIDAKA GUN HIDAKA CHO","30","和歌山県"
"30383","日高郡由良町","HIDAKA GUN YURA CHO","30","和歌山県"
"30390","日高郡印南町","HIDAKA GUN INAMI CHO","30","和歌山県"
"30391","日高郡みなべ町","HIDAKA GUN MINABE CHO","30","和歌山県"
"30392","日高郡日高川町","HIDAKA GUN HIDAKAGAWA CHO","30","和歌山県"
"30401","西牟婁郡白浜町","NISHIMURO GUN SHIRAHAMA CHO","30","和歌山県"
"30404","西牟婁郡上富田町","NISHIMURO GUN KAMITONDA CHO","30","和歌山県"
"30406","西牟婁郡すさみ町","NISHIMURO GUN SUSAMI CHO","30","和歌山県"
"30421","東牟婁郡那智勝浦町","HIGASHIMURO GUN NACHIKATSURA CHO","30","和歌山県"
"30422","東牟婁郡太地町","HIGASHIMURO GUN TAIJI CHO","30","和歌山県"
"30424","東牟婁郡古座川町","HIGASHIMURO GUN KOZAGAWA CHO","30","和歌山県"
"30427","東牟婁郡北山村","HIGASHIMURO GUN KITAYAMA MURA","30","和歌山県"
"30428","東牟婁郡串本町","HIGASHIMURO GUN KUSHIMOTO CHO","30","和歌山県"
"31201","鳥取市","TOTTORI SHI","31","鳥取県"
"31202","米子市","YONAGO SHI","31","鳥取県"
"31203","倉吉市","KURAYOSHI SHI","31","鳥取県"
"31204","境港市","SAKAIMINATO SHI","31","鳥取県"
"31302","岩美郡岩美町","IWAMI GUN IWAMI CHO","31","鳥取県"
"31325","八頭郡若桜町","YAZU GUN WAKASA CHO","31","鳥取県"
"31328","八頭郡智頭町","YAZU GUN CHIZU CHO","31","鳥取県"
"31329","八頭郡八頭町","YAZU GUN YAZU CHO","31","鳥取県"
"31364","東伯郡三朝町","TOHAKU GUN MISASA CHO","31","鳥取県"
"31370","東伯郡湯梨浜町","TOHAKU GUN YURIHAMA CHO","31","鳥取県"
"31371","東伯郡琴浦町","TOHAKU GUN KOTORA CHO","31","鳥取県"
"31372","東伯郡北栄町","TOHAKU GUN HOKUEI CHO","31","鳥取県"
"31384","西伯郡日吉津村","SAIHAKU GUN HIEZU SON","31","鳥取県"
"31386","西伯郡大山町","SAIHAKU GUN DAISEN CHO","31","鳥取県"
"31389","西伯郡南部町","SAIHAKU GUN NAMBU CHO","31","鳥取県"
"31390","西伯郡伯耆町","SAIHAKU GUN HOKI CHO","31","鳥取県"
"31401","日野郡日南町","HINO GUN NICHINAN CHO","31","鳥取県"
"31402","日野郡日野町","HINO GUN HINO CHO","31","鳥取県"
"31403","日野郡江府町","HINO GUN KOFU CHO","31","鳥取県"
"32201","松江市","MATSUE SHI","32","島根県"
"32202","浜田市","HAMADA SHI","32","島根県"
"32203","出雲市","IZUMO SHI","32","島根県"
"32204","益田市","MASUDA SHI","32","島根県"
"32205","大田市","ODA SHI","32","島根県"
"32206","安来市","YASUGI SHI","32","島根県"
"32207","江津市","GOTSU SHI","32","島根県"
"32209","雲南市","UNNAN SHI","32","島根県"
"32343","仁多郡奥出雲町","NITA GUN OKUIZUMO CHO","32","島根県"
"32386","飯石郡飯南町","IISHI GUN IINAN CHO","32","島根県"
"32441","邑智郡川本町","OCHI GUN KAWAMOTO MACHI","32","島根県"
"32448","邑智郡美郷町","OCHI GUN MISATO CHO","32","島根県"
"32449","邑智郡邑南町","OCHI GUN ONAN CHO","32","島根県"
"32501","鹿足郡津和野町","KANOASHI GUN TSUWANO CHO","32","島根県"
"32505","鹿足郡吉賀町","KANOASHI GUN YOSHIKA CHO","32","島根県"
"32525","隠岐郡海士町","OKI GUN AMA CHO","32","島根県"
"32526","隠岐郡西ノ島町","OKI GUN NISHINOSHIMA CHO","32","島根県"
"32527","隠岐郡知夫村","OKI GUN CHIBU MURA","32","島根県"
"32528","隠岐郡隠岐の島町","OKI GUN OKINOSHIMA CHO","32","島根県"
"33101","岡山市北区","OKAYAMA SHI KITA KU","33","岡山県"
"33102","岡山市中区","OKAYAMA SHI NAKA KU","33","岡山県"
"33103","岡山市東区","OKAYAMA SHI HIGASHI KU","33","岡山県"
"33104","岡山市南区","OKAYAMA SHI MINAMI KU","33","岡山県"
"33202","倉敷市","KURASHIKI SHI","33","岡山県"
"33203","津山市","TSUYAMA SHI","33","岡山県"
"33204","玉野市","TAMANO SHI","33","岡山県"
"33205","笠岡市","KASAOKA SHI","33","岡山県"
"33207","井原市","IBARA SHI","33","岡山県"
"33208","総社市","SOJA SHI","33","岡山県"
"33209","高梁市","TAKAHASHI SHI","33","岡山県"
"33210","新見市","NIIMI SHI","33","岡山県"
"33211","備前市","BIZEN SHI","33","岡山県"
"33212","瀬戸内市","SETOCHI SHI","33","岡山県"
"33213","赤磐市","AKAIWA SHI","33","岡山県"
"33214","真庭市","MANIWA SHI","33","岡山県"
"33215","美作市","MIMASAKA SHI","33","岡山県"
"33216","浅口市","ASAKUCHI SHI","33","岡山県"
"33346","和気郡和気町","WAKE GUN WAKE CHO","33","岡山県"
"33423","都窪郡早島町","TSUKUBO GUN HAYASHIMA CHO","33","岡山県"
"33445","浅口郡里庄町","ASAKUCHI GUN SATOSHO CHO","33","岡山県"
"33461","小田郡矢掛町","ODA GUN YAKAGE CHO","33","岡山県"
"33586","真庭郡新庄村","MANIWA GUN SHINJO SON","33","岡山県"
"33606","苫田郡鏡野町","TOMATA GUN KAGAMINO CHO","33","岡山県"
"33622","勝田郡勝央町","KATSUTA GUN SHOO CHO","33","岡山県"
"33623","勝田郡奈義町","KATSUTA GUN NAGI CHO","33","岡山県"
"33643","英田郡西粟倉村","AIDA GUN NISHIAWAKURA SON","33","岡山県"
"33663","久米郡久米南町","KUME GUN KUMENAN CHO","33","岡山県"
"33666","久米郡美咲町","KUME GUN MISAKI CHO","33","岡山県"
"33681","加賀郡吉備中央町","KAGA GUN KIBICHUO CHO","33","岡山県"
"34101","広島市中区","HIROSHIMA SHI NAKA KU","34","広島県"
"34102","広島市東区","HIROSHIMA SHI HIGASHI KU","34","広島県"
"34103","広島市南区","HIROSHIMA SHI MINAMI KU","34","広島県"
"34104","広島市西区","HIROSHIMA SHI NISHI KU","34","広島県"
"34105","広島市安佐南区","HIROSHIMA SHI ASAMINAMI KU","34","広島県"
"34106","広島市安佐北区","HIROSHIMA SHI ASAKITA KU","34","広島県"
"34107","広島市安芸区","HIROSHIMA SHI AKI KU","34","広島県"
"34108","広島市佐伯区","HIROSHIMA SHI SAEKI KU","34","広島県"
"34202","呉市","KURE SHI","34","広島県"
"34203","竹原市","TAKEHARA SHI","34","広島県"
"34204","三原市","MIHARA SHI","34","広島県"
"34205","尾道市","ONOMICHI SHI","34","広島県"
"34207","福山市","FUKUYAMA SHI","34","広島県"
"34208","府中市","FUCHU SHI","34","広島県"
"34209","三次市","MIYOSHI SHI","34","広島県"
"34210","庄原市","SHOBARA SHI","34","広島県"
"34211","大竹市","OTAKE SHI","34","広島県"
"34212","東広島市","HIGASHIHIROSHIMA SHI","34","広島県"
"34213","廿日市市","HATSUKAICHI SHI","34","広島県"
"34214","安芸高田市","AKITAKATA SHI","34","広島県"
"34215","江田島市","ETAJIMA SHI","34","広島県"
"34302","安芸郡府中町","AKI GUN FUCHU CHO","34","広島県"
"34304","安芸郡海田町","AKI GUN KAITA CHO","34","広島県"
"34307","安芸郡熊野町","AKI GUN KUMANO CHO","34","広島県"
"34309","安芸郡坂町","AKI GUN SAKA CHO","34","広島県"
"34368","山県郡安芸太田町","YAMAGATA GUN AKIOTA CHO","34","広島県"
"34369","山県郡北広島町","YAMAGATA GUN KITAHIROSHIMA CHO","34","広島県"
"34431","豊田郡大崎上島町","TOYOTA GUN OSAKIKAMIJIMA CHO","34","広島県"
"34462","世羅郡世羅町","SERA GUN SERA CHO","34","広島県"
"34545","神石郡神石高原町","JINSEKI GUN JINSEKIKOGEN CHO","34","広島県"
"35201","下関市","SHIMONOSEKI SHI","35","山口県"
"35202","宇部市","UBE SHI","35","山口県"
"35203","山口市","YAMAGUCHI SHI","35","山口県"
"35204","萩市","HAGI SHI","35","山口県"
"35206","防府市","HOFU SHI","35","山口県"
"35207","下松市","KUDAMATSU SHI","35","山口県"
"35208","岩国市","IWAKUNI SHI","35","山口県"
"35210","光市","HIKARI SHI","35","山口県"
"35211","長門市","NAGATO SHI","35","山口県"
"35212","柳井市","YANAI SHI","35","山口県"
"35213","美祢市","MINE SHI","35","山口県"
"35215","周南市","SHUNAN SHI","35","山口県"
"35216","山陽小野田市","SANYOONODA SHI","35","山口県"
"35305","大島郡周防大島町","OSHIMA GUN SUOOSHIMA CHO","35","山口県"
"35321","玖珂郡和木町","KUGA GUN WAKI CHO","35","山口県"
"35341","熊毛郡上関町","KUMAGE GUN KAMINOSEKI CHO","35","山口県"
"35343","熊毛郡田布施町","KUMAGE GUN TABUSE CHO","35","山口県"
"35344","熊毛郡平生町","KUMAGE GUN HIRAO CHO","35","山口県"
"35502","阿武郡阿武町","ABU GUN ABU CHO","35","山口県"
"36201","徳島市","TOKUSHIMA SHI","36","徳島県"
"36202","鳴門市","NARUTO SHI","36","徳島県"
"36203","小松島市","KOMATSUSHIMA SHI","36","徳島県"
"36204","阿南市","ANAN SHI","36","徳島県"
"36205","吉野川市","YOSHINOGAWA SHI","36","徳島県"
"36206","阿波市","AWA SHI","36","徳島県"
"36207","美馬市","MIMA SHI","36","徳島県"
"36208","三好市","MIYOSHI SHI","36","徳島県"
"36301","勝浦郡勝浦町","KATSURA GUN KATSURA CHO","36","徳島県"
"36302","勝浦郡上勝町","KATSURA GUN KAMIKATSU CHO","36","徳島県"
"36321","名東郡佐那河内村","MYODO GUN SANAGOCHI SON","36","徳島県"
"36341","名西郡石井町","MYOZAI GUN ISHII CHO","36","徳島県"
"36342","名西郡神山町","MYOZAI GUN KAMIYAMA CHO","36","徳島県"
"36368","那賀郡那賀町","NAKA GUN NAKA CHO","36","徳島県"
"36383","海部郡牟岐町","KAIFU GUN MUGI CHO","36","徳島県"
"36387","海部郡美波町","KAIFU GUN MINAMI CHO","36","徳島県"
"36388","海部郡海陽町","KAIFU GUN KAIYO CHO","36","徳島県"
"36401","板野郡松茂町","ITANO GUN MATSUSHIGE CHO","36","徳島県"
"36402","板野郡北島町","ITANO GUN KITAJIMA CHO","36","徳島県"
"36403","板野郡藍住町","ITANO GUN AIZUMI CHO","36","徳島県"
"36404","板野郡板野町","ITANO GUN ITANO CHO","36","徳島県"
"36405","板野郡上板町","ITANO GUN KAMIITA CHO","36","徳島県"
"36468","美馬郡つるぎ町","MIMA GUN TSURUGI CHO","36","徳島県"
"36489","三好郡東みよし町","MIYOSHI GUN HIGASHIMIYOSHI CHO","36","徳島県"
"37201","高松市","TAKAMATSU SHI","37","香川県"
"37202","丸亀市","MARUGAME SHI","37","香川県"
"37203","坂出市","SAKAIDE SHI","37","香川県"
"37204","善通寺市","ZENTSUJI SHI","37","香川県"
"37205","観音寺市","KANONJI SHI","37","香川県"
"37206","さぬき市","SANUKI SHI","37","香川県"
"37207","東かがわ市","HIGASHIKAGAWA SHI","37","香川県"
"37208","三豊市","MITOYO SHI","37","香川県"
"37322","小豆郡土庄町","SHOZU GUN TONOSHO CHO","37","香川県"
"37324","小豆郡小豆島町","SHOZU GUN SHODOSHIMA CHO","37","香川県"
"37341","木田郡三木町","KITA GUN MIKI CHO","37","香川県"
"37364","香川郡直島町","KAGAWA GUN NAOSHIMA CHO","37","香川県"
"37386","綾歌郡宇多津町","AYAUTA GUN UTAZU CHO","37","香川県"
"37387","綾歌郡綾川町","AYAUTA GUN AYAGAWA CHO","37","香川県"
"37403","仲多度郡琴平町","NAKATADO GUN KOTOHIRA CHO","37","香川県"
"37404","仲多度郡多度津町","NAKATADO GUN TADOTSU CHO","37","香川県"
"37406","仲多度郡まんのう町","NAKATADO GUN MANNO CHO","37","香川県"
"38201","松山市","MATSUYAMA SHI","38","愛媛県"
"38202","今治市","IMABARI SHI","38","愛媛県"
"38203","宇和島市","UWAJIMA SHI","38","愛媛県"
"38204","八幡浜市","YAWATAHAMA SHI","38","愛媛県"
"38205","新居浜市","NIIHAMA SHI","38","愛媛県"
"38206","西条市","SAIJO SHI","38","愛媛県"
"38207","大洲市","OZU SHI","38","愛媛県"
"38210","伊予市","IYO SHI","38","愛媛県"
"38213","四国中央市","SHIKOKUCHUO SHI","38","愛媛県"
"38214","西予市","SEIYO SHI","38","愛媛県"
"38215","東温市","TOON SHI","38","愛媛県"
"38356","越智郡上島町","OCHI GUN KAMIJIMA CHO","38","愛媛県"
"38386","上浮穴郡久万高原町","KAMIUKENA GUN KUMAKOGEN CHO","38","愛媛県"
"38401","伊予郡松前町","IYO GUN MASAKI CHO","38","愛媛県"
"38402","伊予郡砥部町","IYO GUN TOBE CHO","38","愛媛県"
"38422","喜多郡内子町","KITA GUN UCHIKO CHO","38","愛媛県"
"38442","西宇和郡伊方町","NISHIUWA GUN IKATA CHO","38","愛媛県"
"38484","北宇和郡松野町","KITAUWA GUN MATSUNO CHO","38","愛媛県"
"38488","北宇和郡鬼北町","KITAUWA GUN KIHOKU CHO","38","愛媛県"
"38506","南宇和郡愛南町","MINAMIUWA GUN AINAN CHO","38","愛媛県"
"39201","高知市","KOCHI SHI","39","高知県"
"39202","室戸市","MUROTO SHI","39","高知県"
"39203","安芸市","AKI SHI","39","高知県"
"39204","南国市","NANKOKU SHI","39","高知県"
"39205","土佐市","TOSA SHI","39","高知県"
"39206","須崎市","SUSAKI SHI","39","高知県"
"39208","宿毛市","SUKUMO SHI","39","高知県"
"39209","土佐清水市","TOSASHIMIZU SHI","39","高知県"
"39210","四万十市","SHIMANTO SHI","39","高知県"
"39211","香南市","KONAN SHI","39","高知県"
"39212","香美市","KAMI SHI","39","高知県"
"39301","安芸郡東洋町","AKI GUN TOYO CHO","39","高知県"
"39302","安芸郡奈半利町","AKI GUN NAHARI CHO","39","高知県"
"39303","安芸郡田野町","AKI GUN TANO CHO","39","高知県"
"39304","安芸郡安田町","AKI GUN YASUDA CHO","39","高知県"
"39305","安芸郡北川村","AKI GUN KITAGAWA MURA","39","高知県"
"39306","安芸郡馬路村","AKI GUN UMAJI MURA","39","高知県"
"39307","安芸郡芸西村","AKI GUN GEISEI MURA","39","高知県"
"39341","長岡郡本山町","NAGAOKA GUN MOTOYAMA CHO","39","高知県"
"39344","長岡郡大豊町","NAGAOKA GUN OTOYO CHO","39","高知県"
"39363","土佐郡土佐町","TOSA GUN TOSA CHO","39","高知県"
"39364","土佐郡大川村","TOSA GUN OKAWA MURA","39","高知県"
"39386","吾川郡いの町","AGAWA GUN INO CHO","39","高知県"
"39387","吾川郡仁淀川町","AGAWA GUN NIYODOGAWA CHO","39","高知県"
"39401","高岡郡中土佐町","TAKAOKA GUN NAKATOSA CHO","39","高知県"
"39402","高岡郡佐川町","TAKAOKA GUN SAKAWA CHO","39","高知県"
"39403","高岡郡越知町","TAKAOKA GUN OCHI CHO","39","高知県"
"39405","高岡郡檮原町","TAKAOKA GUN YUSUHARA CHO","39","高知県"
"39410","高岡郡日高村","TAKAOKA GUN HIDAKA MURA","39","高知県"
"39411","高岡郡津野町","TAKAOKA GUN TSUNO CHO","39","高知県"
"39412","高岡郡四万十町","TAKAOKA GUN SHIMANTO CHO","39","高知県"
"39424","幡多郡大月町","HATA GUN OTSUKI CHO","39","高知県"
"39427","幡多郡三原村","HATA GUN MIHARA MURA","39","高知県"
"39428","幡多郡黒潮町","HATA GUN KUROSHIO CHO","39","高知県"
"40101","北九州市門司区","KITAKYUSHU SHI MOJI KU","40","福岡県"
"40103","北九州市若松区","KITAKYUSHU SHI WAKAMATSU KU","40","福岡県"
"40105","北九州市戸畑区","KITAKYUSHU SHI TOBATA KU","40","福岡県"
"40106","北九州市小倉北区","KITAKYUSHU SHI KOKURAKITA KU","40","福岡県"
"40107","北九州市小倉南区","KITAKYUSHU SHI KOKURAMINAMI KU","40","福岡県"
"40108","北九州市八幡東区","KITAKYUSHU SHI YAHATAHIGASHI KU","40","福岡県"
"40109","北九州市八幡西区","KITAKYUSHU SHI YAHATANISHI KU","40","福岡県"
"40131","福岡市東区","FUKUOKA SHI HIGASHI KU","40","福岡県"
"40132","福岡市博多区","FUKUOKA SHI HAKATA KU","40","福岡県"
"40133","福岡市中央区","FUKUOKA SHI CHUO KU","40","福岡県"
"40134","福岡市南区","FUKUOKA SHI MINAMI KU","40","福岡県"
"40135","福岡市西区","FUKUOKA SHI NISHI KU","40","福岡県"
"40136","福岡市城南区","FUKUOKA SHI JONAN KU","40","福岡県"
"40137","福岡市早良区","FUKUOKA SHI SAWARA KU","40","福岡県"
"40202","大牟田市","OMUTA SHI","40","福岡県"
"40203","久留米市","KURUME SHI","40","福岡県"
"40204","直方市","NOGATA SHI","40","福岡県"
"40205","飯塚市","IIZUKA SHI","40","福岡県"
"40206","田川市","TAGAWA SHI","40","福岡県"
"40207","柳川市","YANAGAWA SHI","40","福岡県"
"40210","八女市","YAME SHI","40","福岡県"
"40211","筑後市","CHIKUGO SHI","40","福岡県"
"40212","大川市","OKAWA SHI","40","福岡県"
"40213","行橋市","YUKUHASHI SHI","40","福岡県"
"40214","豊前市","BUZEN SHI","40","福岡県"
"40215","中間市","NAKAMA SHI","40","福岡県"
"40216","小郡市","OGORI SHI","40","福岡県"
"40217","筑紫野市","CHIKUSHINO SHI","40","福岡県"
"40218","春日市","KASUGA SHI","40","福岡県"
"40219","大野城市","ONOJO SHI","40","福岡県"
"40220","宗像市","MUNAKATA SHI","40","福岡県"
"40221","太宰府市","DAZAIFU SHI","40","福岡県"
"40223","古賀市","KOGA SHI","40","福岡県"
"40224","福津市","FUKUTSU SHI","40","福岡県"
"40225","うきは市","UKIHA SHI","40","福岡県"
"40226","宮若市","MIYAWAKA SHI","40","福岡県"
"40227","嘉麻市","KAMA SHI","40","福岡県"
"40228","朝倉市","ASAKURA SHI","40","福岡県"
"40229","みやま市","MIYAMA SHI","40","福岡県"
"40230","糸島市","ITOSHIMA SHI","40","福岡県"
"40231","那珂川市","NAKAGAWA SHI","40","福岡県"
"40341","糟屋郡宇美町","KASUYA GUN UMI MACHI","40","福岡県"
"40342","糟屋郡篠栗町","KASUYA GUN SASAGURI MACHI","40","福岡県"
"40343","糟屋郡志免町","KASUYA GUN SHIME MACHI","40","福岡県"
"40344","糟屋郡須惠町","KASUYA GUN SUE MACHI","40","福岡県"
"40345","糟屋郡新宮町","KASUYA GUN SHINGU MACHI","40","福岡県"
"40348","糟屋郡久山町","KASUYA GUN HISAYAMA MACHI","40","福岡県"
"40349","糟屋郡粕屋町","KASUYA GUN KASUYA MACHI","40","福岡県"
"40381","遠賀郡芦屋町","ONGA GUN ASHIYA MACHI","40","福岡県"
"40382","遠賀郡水巻町","ONGA GUN MIZUMAKI MACHI","40","福岡県"
"40383","遠賀郡岡垣町","ONGA GUN OKAGAKI MACHI","40","福岡県"
"40384","遠賀郡遠賀町","ONGA GUN ONGA CHO","40","福岡県"
"40401","鞍手郡小竹町","KURATE GUN KOTAKE MACHI","40","福岡県"
"40402","鞍手郡鞍手町","KURATE GUN KURATE MACHI","40","福岡県"
"40421","嘉穂郡桂川町","KAHO GUN KEISEN MACHI","40","福岡県"
"40447","朝倉郡筑前町","ASAKURA GUN CHIKUZEN MACHI","40","福岡県"
"40448","朝倉郡東峰村","ASAKURA GUN TOHO MURA","40","福岡県"
"40503","三井郡大刀洗町","MII GUN TACHIARAI MACHI","40","福岡県"
"40522","三潴郡大木町","MIZUMA GUN OKI MACHI","40","福岡県"
"40544","八女郡広川町","YAME GUN HIROKAWA MACHI","40","福岡県"
"40601","田川郡香春町","TAGAWA GUN KAWARA MACHI","40","福岡県"
"40602","田川郡添田町","TAGAWA GUN SOEDA MACHI","40","福岡県"
"40604","田川郡糸田町","TAGAWA GUN ITODA MACHI","40","福岡県"
"40605","田川郡川崎町","TAGAWA GUN KAWASAKI MACHI","40","福岡県"
"40608","田川郡大任町","TAGAWA GUN OTO MACHI","40","福岡県"
"40609","田川郡赤村","TAGAWA GUN AKA MURA","40","福岡県"
"40610","田川郡福智町","TAGAWA GUN FUKUCHI MACHI","40","福岡県"
"40621","京都郡苅田町","MIYAKO GUN KANDA MACHI","40","福岡県"
"40625","京都郡みやこ町","MIYAKO GUN MIYAKO MACHI","40","福岡県"
"40642","築上郡吉富町","CHIKUJO GUN YOSHITOMI MACHI","40","福岡県"
"40646","築上郡上毛町","CHIKUJO GUN KOGE MACHI","40","福岡県"
"40647","築上郡築上町","CHIKUJO GUN CHIKUJO MACHI","40","福岡県"
"41201","佐賀市","SAGA SHI","41","佐賀県"
"41202","唐津市","KARATSU SHI","41","佐賀県"
"41203","鳥栖市","TOSU SHI","41","佐賀県"
"41204","多久市","TAKU SHI","41","佐賀県"
"41205","伊万里市","IMARI SHI","41","佐賀県"
"41206","武雄市","TAKEO SHI","41","佐賀県"
"41207","鹿島市","KASHIMA SHI","41","佐賀県"
"41208","小城市","OGI SHI","41","佐賀県"
"41209","嬉野市","URESHINO SHI","41","佐賀県"
"41210","神埼市","KANZAKI SHI","41","佐賀県"
"41327","神埼郡吉野ヶ里町","KANZAKI GUN YOSHINOGARI CHO","41","佐賀県"
"41341","三養基郡基山町","MIYAKI GUN KIYAMA CHO","41","佐賀県"
"41345","三養基郡上峰町","MIYAKI GUN KAMIMINE CHO","41","佐賀県"
"41346","三養基郡みやき町","MIYAKI GUN MIYAKI CHO","41","佐賀県"
"41387","東松浦郡玄海町","HIGASHIMATSURA GUN GENKAI CHO","41","佐賀県"
"41401","西松浦郡有田町","NISHIMATSURA GUN ARITA CHO","41","佐賀県"
"41423","杵島郡大町町","KISHIMA GUN OMACHI CHO","41","佐賀県"
"41424","杵島郡江北町","KISHIMA GUN KOHOKU MACHI","41","佐賀県"
"41425","杵島郡白石町","KISHIMA GUN SHIROISHI CHO","41","佐賀県"
"41441","藤津郡太良町","FUJITSU GUN TARA CHO","41","佐賀県"
"42201","長崎市","NAGASAKI SHI","42","長崎県"
"42202","佐世保市","SASEBO SHI","42","長崎県"
"42203","島原市","SHIMABARA SHI","42","長崎県"
"42204","諫早市","ISAHAYA SHI","42","長崎県"
"42205","大村市","OMURA SHI","42","長崎県"
"42207","平戸市","HIRADO SHI","42","長崎県"
"42208","松浦市","MATSURA SHI","42","長崎県"
"42209","対馬市","TSUSHIMA SHI","42","長崎県"
"42210","壱岐市","IKI SHI","42","長崎県"
"42211","五島市","GOTO SHI","42","長崎県"
"42212","西海市","SAIKAI SHI","42","長崎県"
"42213","雲仙市","UNZEN SHI","42","長崎県"
"42214","南島原市","MINAMISHIMABARA SHI","42","長崎県"
"42307","西彼杵郡長与町","NISHISONOGI GUN NAGAYO CHO","42","長崎県"
"42308","西彼杵郡時津町","NISHISONOGI GUN TOGITSU CHO","42","長崎県"
"42321","東彼杵郡東彼杵町","HIGASHISONOGI GUN HIGASHISONOGI CHO","42","長崎県"
"42322","東彼杵郡川棚町","HIGASHISONOGI GUN KAWATANA CHO","42","長崎県"
"42323","東彼杵郡波佐見町","HIGASHISONOGI GUN HASAMI CHO","42","長崎県"
"42383","北松浦郡小値賀町","KITAMATSURA GUN OJIKA CHO","42","長崎県"
"42391","北松浦郡佐々町","KITAMATSURA GUN SAZA CHO","42","長崎県"
"42411","南松浦郡新上五島町","MINAMIMATSURA GUN SHINKAMIGOTO CHO","42","長崎県"
"43101","熊本市中央区","KUMAMOTO SHI CHUO KU","43","熊本県"
"43102","熊本市東区","KUMAMOTO SHI HIGASHI KU","43","熊本県"
"43103","熊本市西区","KUMAMOTO SHI NISHI KU","43","熊本県"
"43104","熊本市南区","KUMAMOTO SHI MINAMI KU","43","熊本県"
"43105","熊本市北区","KUMAMOTO SHI KITA KU","43","熊本県"
"43202","八代市","YATSUSHIRO SHI","43","熊本県"
"43203","人吉市","HITOYOSHI SHI","43","熊本県"
"43204","荒尾市","ARAO SHI","43","熊本県"
"43205","水俣市","MINAMATA SHI","43","熊本県"
"43206","玉名市","TAMANA SHI","43","熊本県"
"43208","山鹿市","YAMAGA SHI","43","熊本県"
"43210","菊池市","KIKUCHI SHI","43","熊本県"
"43211","宇土市","UTO SHI","43","熊本県"
"43212","上天草市","KAMIAMAKUSA SHI","43","熊本県"
"43213","宇城市","UKI SHI","43","熊本県"
"43214","阿蘇市","ASO SHI","43","熊本県"
"43215","天草市","AMAKUSA SHI","43","熊本県"
"43216","合志市","KOSHI SHI","43","熊本県"
"43348","下益城郡美里町","SHIMOMASHIKI GUN MISATO MACHI","43","熊本県"
"43364","玉名郡玉東町","TAMANA GUN GYOKUTO MACHI","43","熊本県"
"43367","玉名郡南関町","TAMANA GUN NANKAN MACHI","43","熊本県"
"43368","玉名郡長洲町","TAMANA GUN NAGASU MACHI","43","熊本県"
"43369","玉名郡和水町","TAMANA GUN NAGOMI MACHI","43","熊本県"
"43403","菊池郡大津町","KIKUCHI GUN OZU MACHI","43","熊本県"
"43404","菊池郡菊陽町","KIKUCHI GUN KIKUYO MACHI","43","熊本県"
"43423","阿蘇郡南小国町","ASO GUN MINAMIOGUNI MACHI","43","熊本県"
"43424","阿蘇郡小国町","ASO GUN OGUNI MACHI","43","熊本県"
"43425","阿蘇郡産山村","ASO GUN UBUYAMA MURA","43","熊本県"
"43428","阿蘇郡高森町","ASO GUN TAKAMORI MACHI","43","熊本県"
"43432","阿蘇郡西原村","ASO GUN NISHIHARA MURA","43","熊本県"
"43433","阿蘇郡南阿蘇村","ASO GUN MINAMIASO MURA","43","熊本県"
"43441","上益城郡御船町","KAMIMASHIKI GUN MIFUNE MACHI","43","熊本県"
"43442","上益城郡嘉島町","KAMIMASHIKI GUN KASHIMA MACHI","43","熊本県"
"43443","上益城郡益城町","KAMIMASHIKI GUN MASHIKI MACHI","43","熊本県"
"43444","上益城郡甲佐町","KAMIMASHIKI GUN KOSA MACHI","43","熊本県"
"43447","上益城郡山都町","KAMIMASHIKI GUN YAMATO CHO","43","熊本県"
"43468","八代郡氷川町","YATSUSHIRO GUN HIKAWA CHO","43","熊本県"
"43482","葦北郡芦北町","ASHIKITA GUN ASHIKITA MACHI","43","熊本県"
"43484","葦北郡津奈木町","ASHIKITA GUN TSUNAGI MACHI","43","熊本県"
"43501","球磨郡錦町","KUMA GUN NISHIKI MACHI","43","熊本県"
"43505","球磨郡多良木町","KUMA GUN TARAGI MACHI","43","熊本県"
"43506","球磨郡湯前町","KUMA GUN YUNOMAE MACHI","43","熊本県"
"43507","球磨郡水上村","KUMA GUN MIZUKAMI MURA","43","熊本県"
"43510","球磨郡相良村","KUMA GUN SAGARA MURA","43","熊本県"
"43511","球磨郡五木村","KUMA GUN ITSUKI MURA","43","熊本県"
"43512","球磨郡山江村","KUMA GUN YAMAE MURA","43","熊本県"
"43513","球磨郡球磨村","KUMA GUN KUMA MURA","43","熊本県"
"43514","球磨郡あさぎり町","KUMA GUN ASAGIRI CHO","43","熊本県"
"43531","天草郡苓北町","AMAKUSA GUN REIHOKU MACHI","43","熊本県"
"44201","大分市","OITA SHI","44","大分県"
"44202","別府市","BEPPU SHI","44","大分県"
"44203","中津市","NAKATSU SHI","44","大分県"
"44204","日田市","HITA SHI","44","大分県"
"44205","佐伯市","SAIKI SHI","44","大分県"
"44206","臼杵市","USUKI SHI","44","大分県"
"44207","津久見市","TSUKUMI SHI","44","大分県"
"44208","竹田市","TAKETA SHI","44","大分県"
"44209","豊後高田市","BUNGOTAKADA SHI","44","大分県"
"44210","杵築市","KITSUKI SHI","44","大分県"
"44211","宇佐市","USA SHI","44","大分県"
"44212","豊後大野市","BUNGOONO SHI","44","大分県"
"44213","由布市","YUFU SHI","44","大分県"
"44214","国東市","KUNISAKI SHI","44","大分県"
"44322","東国東郡姫島村","HIGASHIKUNISAKI GUN HIMESHIMA MURA","44","大分県"
"44341","速見郡日出町","HAYAMI GUN HIJI MACHI","44","大分県"
"44461","玖珠郡九重町","KUSU GUN KOKONOE MACHI","44","大分県"
"44462","玖珠郡玖珠町","KUSU GUN KUSU MACHI","44","大分県"
"45201","宮崎市","MIYAZAKI SHI","45","宮崎県"
"45202","都城市","MIYAKONOJO SHI","45","宮崎県"
"45203","延岡市","NOBEOKA SHI","45","宮崎県"
"45204","日南市","NICHINAN SHI","45","宮崎県"
"45205","小林市","KOBAYASHI SHI","45","宮崎県"
"45206","日向市","HYUGA SHI","45","宮崎県"
"45207","串間市","KUSHIMA SHI","45","宮崎県"
"45208","西都市","SAITO SHI","45","宮崎県"
"45209","えびの市","EBINO SHI","45","宮崎県"
"45341","北諸県郡三股町","KITAMOROKATA GUN MIMATA CHO","45","宮崎県"
"45361","西諸県郡高原町","NISHIMOROKATA GUN TAKAHARU CHO","45","宮崎県"
"45382","東諸県郡国富町","HIGASHIMOROKATA GUN KUNITOMI CHO","45","宮崎県"
"45383","東諸県郡綾町","HIGASHIMOROKATA GUN AYA CHO","45","宮崎県"
"45401","児湯郡高鍋町","KOYU GUN TAKANABE CHO","45","宮崎県"
"45402","児湯郡新富町","KOYU GUN SHINTOMI CHO","45","宮崎県"
"45403","児湯郡西米良村","KOYU GUN NISHIMERA SON","45","宮崎県"
"45404","児湯郡木城町","KOYU GUN KIJO CHO","45","宮崎県"
"45405","児湯郡川南町","KOYU GUN KAWAMINAMI CHO","45","宮崎県"
"45406","児湯郡都農町","KOYU GUN TSUNO CHO","45","宮崎県"
"45421","東臼杵郡門川町","HIGASHIUSUKI GUN KADOGAWA CHO","45","宮崎県"
"45429","東臼杵郡諸塚村","HIGASHIUSUKI GUN MOROTSUKA SON","45","宮崎県"
"45430","東臼杵郡椎葉村","HIGASHIUSUKI GUN SHIIBA SON","45","宮崎県"
"45431","東臼杵郡美郷町","HIGASHIUSUKI GUN MISATO CHO","45","宮崎県"
"45441","西臼杵郡高千穂町","NISHIUSUKI GUN TAKACHIHO CHO","45","宮崎県"
"45442","西臼杵郡日之影町","NISHIUSUKI GUN HINOKAGE CHO","45","宮崎県"
"45443","西臼杵郡五ヶ瀬町","NISHIUSUKI GUN GOKASE CHO","45","宮崎県"
"46201","鹿児島市","KAGOSHIMA SHI","46","鹿児島県"
"46203","鹿屋市","KANOYA SHI","46","鹿児島県"
"46204","枕崎市","MAKURAZAKI SHI","46","鹿児島県"
"46206","阿久根市","AKUNE SHI","46","鹿児島県"
"46208","出水市","IZUMI SHI","46","鹿児島県"
"46210","指宿市","IBUSUKI SHI","46","鹿児島県"
"46213","西之表市","NISHINOMOTE SHI","46","鹿児島県"
"46214","垂水市","TARUMIZU SHI","46","鹿児島県"
"46215","薩摩川内市","SATSUMASENDAI SHI","46","鹿児島県"
"46216","日置市","HIOKI SHI","46","鹿児島県"
"46217","曽於市","SO SHI","46","鹿児島県"
"46218","霧島市","KIRISHIMA SHI","46","鹿児島県"
"46219","いちき串木野市","ICHIKIKUSHIKINO SHI","46","鹿児島県"
"46220","南さつま市","MINAMISATSUMA SHI","46","鹿児島県"
"46221","志布志市","SHIBUSHI SHI","46","鹿児島県"
"46222","奄美市","AMAMI SHI","46","鹿児島県"
"46223","南九州市","MINAMIKYUSHU SHI","46","鹿児島県"
"46224","伊佐市","ISA SHI","46","鹿児島県"
"46225","姶良市","AIRA SHI","46","鹿児島県"
"46303","鹿児島郡三島村","KAGOSHIMA GUN MISHIMA MURA","46","鹿児島県"
"46304","鹿児島郡十島村","KAGOSHIMA GUN TOSHIMA MURA","46","鹿児島県"
"46392","薩摩郡さつま町","SATSUMA GUN SATSUMA CHO","46","鹿児島県"
"46404","出水郡長島町","IZUMI GUN NAGASHIMA CHO","46","鹿児島県"
"46452","姶良郡湧水町","AIRA GUN YUSUI CHO","46","鹿児島県"
"46468","曽於郡大崎町","SO GUN OSAKI CHO","46","鹿児島県"
"46482","肝属郡東串良町","KIMOTSUKI GUN HIGASHIKUSHIRA CHO","46","鹿児島県"
"46490","肝属郡錦江町","KIMOTSUKI GUN KINKO CHO","46","鹿児島県"
"46491","肝属郡南大隅町","KIMOTSUKI GUN MINAMIOSUMI CHO","46","鹿児島県"
"46492","肝属郡肝付町","KIMOTSUKI GUN KIMOTSUKI CHO","46","鹿児島県"
"46501","熊毛郡中種子町","KUMAGE GUN NAKATANE CHO","46","鹿児島県"
"46502","熊毛郡南種子町","KUMAGE GUN MINAMITANE CHO","46","鹿児島県"
"46505","熊毛郡屋久島町","KUMAGE GUN YAKUSHIMA CHO","46","鹿児島県"
"46523","大島郡大和村","OSHIMA GUN YAMATO SON","46","鹿児島県"
"46524","大島郡宇検村","OSHIMA GUN UKEN SON","46","鹿児島県"
"46525","大島郡瀬戸内町","OSHIMA GUN SETOCHI CHO","46","鹿児島県"
"46527","大島郡龍郷町","OSHIMA GUN TATSUGO CHO","46","鹿児島県"
"46529","大島郡喜界町","OSHIMA GUN KIKAI CHO","46","鹿児島県"
"46530","大島郡徳之島町","OSHIMA GUN TOKUNOSHIMA CHO","46","鹿児島県"
"46531","大島郡天城町","OSHIMA GUN AMAGI CHO","46","鹿児島県"
"46532","大島郡伊仙町","OSHIMA GUN ISEN CHO","46","鹿児島県"
"46533","大島郡和泊町","OSHIMA GUN WADOMARI CHO","46","鹿児島県"
"46534","大島郡知名町","OSHIMA GUN CHINA CHO","46","鹿児島県"
"46535","大島郡与論町","OSHIMA GUN YORON CHO","46","鹿児島県"
"47201","那覇市","NAHA SHI","47","沖縄県"
"47205","宜野湾市","GINOWAN SHI","47","沖縄県"
"47207","石垣市","ISHIGAKI SHI","47","沖縄県"
"47208","浦添市","URASOE SHI","47","沖縄県"
"47209","名護市","NAGO SHI","47","沖縄県"
"47210","糸満市","ITOMAN SHI","47","沖縄県"
"47211","沖縄市","OKINAWA SHI","47","沖縄県"
"47212","豊見城市","TOMIGUSUKU SHI","47","沖縄県"
"47213","うるま市","URUMA SHI","47","沖縄県"
"47214","宮古島市","MIYAKOJIMA SHI","47","沖縄県"
"47215","南城市","NANJO SHI","47","沖縄県"
"47301","国頭郡国頭村","KUNIGAMI GUN KUNIGAMI SON","47","沖縄県"
"47302","国頭郡大宜味村","KUNIGAMI GUN OGIMI SON","47","沖縄県"
"47303","国頭郡東村","KUNIGAMI GUN HIGASHI SON","47","沖縄県"
"47306","国頭郡今帰仁村","KUNIGAMI GUN NAKIJIN SON","47","沖縄県"
"47308","国頭郡本部町","KUNIGAMI GUN MOTOBU CHO","47","沖縄県"
"47311","国頭郡恩納村","KUNIGAMI GUN ONNA SON","47","沖縄県"
"47313","国頭郡宜野座村","KUNIGAMI GUN GINOZA SON","47","沖縄県"
"47314","国頭郡金武町","KUNIGAMI GUN KIN CHO","47","沖縄県"
"47315","国頭郡伊江村","KUNIGAMI GUN IE SON","47","沖縄県"
"47324","中頭郡読谷村","NAKAGAMI GUN YOMITAN SON","47","沖縄県"
"47325","中頭郡嘉手納町","NAKAGAMI GUN KADENA CHO","47","沖縄県"
"47326","中頭郡北谷町","NAKAGAMI GUN CHATAN CHO","47","沖縄県"
"47327","中頭郡北中城村","NAKAGAMI GUN KITANAKAGUSUKU SON","47","沖縄県"
"47328","中頭郡中城村","NAKAGAMI GUN NAKAGUSUKU SON","47","沖縄県"
"47329","中頭郡西原町","NAKAGAMI GUN NISHIHARA CHO","47","沖縄県"
"47348","島尻郡与那原町","SHIMAJIRI GUN YONABARU CHO","47","沖縄県"
"47350","島尻郡南風原町","SHIMAJIRI GUN HAEBARU CHO","47","沖縄県"
"47353","島尻郡渡嘉敷村","SHIMAJIRI GUN TOKASHIKI SON","47","沖縄県"
"47354","島尻郡座間味村","SHIMAJIRI GUN ZAMAMI SON","47","沖縄県"
"47355","島尻郡粟国村","SHIMAJIRI GUN AGUNI SON","47","沖縄県"
"47356","島尻郡渡名喜村","SHIMAJIRI GUN TONAKI SON","47","沖縄県"
"47357","島尻郡南大東村","SHIMAJIRI GUN MINAMIDAITO SON","47","沖縄県"
"47358","島尻郡北大東村","SHIMAJIRI GUN KITADAITO SON","47","沖縄県"
"47359","島尻郡伊平屋村","SHIMAJIRI GUN IHEYA SON","47","沖縄県"
"47360","島尻郡伊是名村","SHIMAJIRI GUN IZENA SON","47","沖縄県"
"47361","島尻郡久米島町","SHIMAJIRI GUN KUMEJIMA CHO","47","沖縄県"
"47362","島尻郡八重瀬町","SHIMAJIRI GUN YAESE CHO","47","沖縄県"
"47375","宮古郡多良間村","MIYAKO GUN TARAMA SON","47","沖縄県"
"47381","八重山郡竹富町","YAEYAMA GUN TAKETOMI CHO","47","沖縄県"
"47382","八重山郡与那国町","YAEYAMA GUN YONAGUNI CHO","47","沖縄県"
